season,player,team,position,minutes_played,overall_percentile,goal_threat_percentile,link_play_percentile,non_pkxg_p90,non_penalty_goals_p90,shots_per_90,shots_on_target_pct,offensive_duels_won_pct,touches_in_box_per_90,key_passes_per_90,xa_per_90,overall_percentile_z,goal_threat_percentile_z,link_play_percentile_z,non_pkxg_p90_z,non_penalty_goals_p90_z,shots_per_90_z,shots_on_target_pct_z,offensive_duels_won_pct_z,touches_in_box_per_90_z,key_passes_per_90_z,xa_per_90_z
2024.0,E. Azcona,Las Vegas Lights,ST,925.0,0.851,0.06,0.851,0.067,0.0,0.078,0.918,0.833,0.23,0.216,0.855,1.2126116961583426,-1.52800051735028,1.215665253080608,-1.5006134067174175,-1.6832291130849644,-1.4464285224808862,1.4512438780893469,1.1546493670713909,-0.9420612849970212,-0.9529561435890704,1.3090758787253358
2024.0,V. Noël,Las Vegas Lights,ST,3502.0,0.716,0.39,0.791,0.199,0.479,0.241,0.752,0.684,0.142,0.504,0.567,0.7439095936501842,-0.38886085683838006,1.006971620702829,-1.0456843863977214,-0.04541478878664951,-0.8863766211461646,0.8754684779408841,0.6391654548807176,-1.24679380258628,0.03985270644287487,0.3298827014695813
2024.0,K. Bennett,Las Vegas Lights,ST,2458.0,0.241,0.858,0.039,0.681,0.791,0.812,0.809,0.34,0.514,0.007,0.0,-0.905227433693336,1.226646298069405,-1.6086552384320023,0.6154958241635928,1.0213870257876185,1.0755229841429526,1.073174488835236,-0.5509450538011059,0.04139365813195051,-1.6734320104525306,-1.5979038662526848
2025.0,C. Jennings,Charleston Battery,ST,2305.0,0.833,0.894,0.812,0.855,0.695,0.95,0.851,0.457,0.993,0.759,0.805,1.1501180824905881,1.3509160792161579,1.0800143920350518,1.2151749873122828,0.6931403136109204,1.5496773545981155,1.2188526021258106,-0.14616909590641605,1.7001081572825751,0.9189022090753264,1.1390770632295453
2022.0,L. Solignac,El Paso Locomotive,ST,2339.0,0.826,0.993,0.592,0.936,0.968,0.652,0.989,0.496,0.766,0.504,0.493,1.1258150105086835,1.692657977369728,0.31480440664986153,1.4943359770539146,1.6265919013634047,0.5257787865137779,1.6975092600805566,-0.01124377660818613,0.9140367766830099,0.03985270644287487,0.07828445453581129
2022.0,J. Gómez,El Paso Locomotive,ST,2504.0,0.759,0.245,0.727,0.344,0.167,0.794,0.248,0.631,0.713,0.798,0.805,0.8931998929675977,-0.8893919197905786,0.7843650794998646,-0.5459517504404797,-1.1122166033609173,1.0136767619096705,-0.8726688815460142,0.4558054055779946,0.7305046922258425,1.053345074183819,1.1390770632295453
2025.0,G. Hurst,New Mexico United,ST,1930.0,0.301,0.574,0.333,0.511,0.73,0.411,0.238,0.89,0.206,0.55,0.248,-0.6969153881341545,0.2462958023561336,-0.5860564397808847,0.029602388903378206,0.8128135940920083,-0.3022734111651666,-0.9073541466151986,1.3518479106611117,-1.0251701534304556,0.19842634221186628,-0.7547097413935631
2024.0,MD Myers,Charleston Battery,ST,2760.0,0.408,0.904,0.525,0.933,0.77,0.525,0.975,0.025,0.816,0.55,0.567,-0.3254255735536143,1.3854354628680337,0.08176318382800839,1.483996681137558,0.9495830574989658,0.08941932964562051,1.6489498889836982,-1.6407264789021943,1.0871802525859975,0.19842634221186628,0.3298827014695813
2024.0,J. Conway,Charleston Battery,ST,1000.0,0.213,0.684,0.121,0.784,0.713,0.787,0.468,0.124,0.255,0.043,0.17,-1.0024397216209542,0.6260090225267673,-1.3234406075157044,0.9704783172918404,0.7546865721440513,0.989625453263394,-0.10959305002395527,-1.2982237452989953,-0.8554895470455272,-1.5493309041985375,-1.0199078935669965
2023.0,T. Moshobane,San Diego Loyal,ST,2063.0,0.904,0.652,0.915,0.379,0.695,0.128,0.809,0.599,0.426,0.805,0.926,1.3966206697356196,0.5155469948407647,1.4382717942835725,-0.4253266314163178,0.6931403136109204,-1.274633460721769,1.073174488835236,0.3450974512820109,-0.2633388594573084,1.0774758448443178,1.5504741967293587
2023.0,E. Collier,San Diego Loyal,ST,1012.0,0.784,0.181,0.723,0.195,0.259,0.149,0.138,0.734,0.277,0.766,0.911,0.9799965786172568,-1.1103159751625835,0.7704521706746792,-1.059470114286197,-0.7976468375249152,-1.2024795347829402,-1.2542067973070434,0.8121466334681917,-0.7793064176482124,0.9430329797358251,1.4994745520806214
2023.0,R. Damus,San Diego Loyal,ST,2148.0,0.73,0.972,0.188,0.965,0.911,0.738,0.943,0.535,0.798,0.28,0.17,0.7925157376139932,1.6201672717007887,-1.090399384693851,1.5942825042453628,1.4316954160084907,0.8212662927394592,1.5379570407623078,0.12368154269004397,1.0248486012609221,-0.7323319546930824,-1.0199078935669965
2023.0,E. Conway,San Diego Loyal,ST,2539.0,0.578,0.706,0.348,0.645,0.77,0.39,0.45,0.475,0.348,0.28,0.17,0.2647918888640666,0.7019516665608936,-0.5338830316864401,0.491424273167312,0.9495830574989658,-0.3744273371039956,-0.1720265271484874,-0.08389587161492541,-0.5334426818659697,-0.7323319546930824,-1.0199078935669965
2024.0,D. Formella,Phoenix Rising,ST,1758.0,0.652,0.518,0.681,0.475,0.479,0.567,0.628,0.67,0.617,0.131,0.348,0.5217100783870574,0.052987253905629576,0.6243666280102341,-0.09446916209290263,-0.04541478878664951,0.2337271815232786,0.4453711910829965,0.5907307248762247,0.39806921849210564,-1.2459726444665542,-0.41471211040198175
2024.0,T. Ángel,Phoenix Rising,ST,1378.0,0.074,0.262,0.369,0.45,0.06,0.738,0.489,0.482,0.493,0.241,0.089,-1.4850292938330578,-0.8307089675823898,-0.4608402603542173,-0.18062996139587523,-1.4780749179745283,0.8212662927394592,-0.036753993378667964,-0.05967850661267899,-0.03132660174730449,-0.8667748198015751,-1.2953059746701774
2024.0,R. Cabral,Phoenix Rising,ST,1408.0,0.046,0.699,0.074,0.557,0.755,0.844,0.543,0.046,0.741,0.0,0.0,-1.582241581760676,0.6777880980045805,-1.486917286211631,0.18813825962084815,0.8982945087213567,1.1854718236687873,0.15054643799492845,-1.5680743838954552,0.8274650387315158,-1.6975627811130294,-1.5979038662526848
2022.0,T. Amang,San Diego Loyal,ST,1974.0,0.979,0.929,0.684,0.993,0.911,0.972,0.521,0.812,1.0,0.535,0.17,1.6570107266845964,1.4717339219977232,0.6348013096291231,1.6907825994646923,1.4316954160084907,1.6252671817721271,0.07423885484272251,1.0819972720646518,1.7243482439089934,0.1467175479393691,-1.0199078935669965
2022.0,T. Moshobane,San Diego Loyal,ST,2404.0,0.94,0.323,0.911,0.206,0.387,0.11,0.592,0.883,0.333,0.812,0.89,1.5216078970711284,-0.6201407273059476,1.4243588854583873,-1.0215593625928892,-0.35998455462265144,-1.3364796829550514,0.3205042368339322,1.3276305456588653,-0.5853857246368659,1.1016066155048165,1.4280750495723893
2022.0,K. Vassell,San Diego Loyal,ST,2103.0,0.908,0.926,0.628,0.975,0.933,0.982,0.415,0.564,0.872,0.571,0.493,1.410508139439565,1.4613781069021605,0.4400205860765291,1.628746823966552,1.5069186208823173,1.6596261941239505,-0.29342495489063325,0.2240106262707788,1.2811009455973443,0.270818654193362,0.07828445453581129
2022.0,A. Carleton,San Diego Loyal,ST,1022.0,0.543,0.078,0.546,0.078,0.0,0.142,0.564,0.933,0.085,0.383,0.089,0.14327652895454435,-1.4658656267769037,0.15480595516023113,-1.4627026550241093,-1.6832291130849644,-1.2265308434292166,0.22338549464021557,1.5006117242463397,-1.4441773651156862,-0.37726490068860213,-1.2953059746701774
2023.0,Danny Trejo,Phoenix Rising,ST,3382.0,0.957,0.876,0.695,0.56,0.918,0.266,0.777,0.801,0.567,0.535,0.411,1.5806296433128966,1.2887811886427816,0.6730618088983822,0.1984775555372049,1.4556300721047082,-0.800479090266606,0.9621816406138455,1.0439414127754074,0.22492574258911754,0.1467175479393691,-0.20051360287728548
2023.0,D. Formella,Phoenix Rising,ST,2611.0,0.77,0.585,0.784,0.291,0.532,0.216,0.809,0.351,0.266,0.72,0.411,0.9313904346534476,0.28426712437319696,0.9826240302587548,-0.7286126449627819,0.13580475022756922,-0.972274152025723,1.073174488835236,-0.5128891945118618,-0.8173979823468698,0.7844593439668337,-0.20051360287728548
2023.0,M. Arteaga,Phoenix Rising,ST,2999.0,0.369,0.762,0.312,0.809,0.812,0.787,0.351,0.138,0.528,0.613,0.348,-0.4608284031670822,0.895260215011398,-0.6590992111131074,1.0566391165948132,1.0931909940762712,0.989625453263394,-0.515410651333414,-1.2497890152945024,0.08987383138478719,0.4156032781563541,-0.41471211040198175
2023.0,Rodrigo Da Costa,Memphis 901,ST,3211.0,0.894,0.709,0.94,0.507,0.73,0.39,0.72,0.805,0.365,0.883,0.926,1.361901995475756,0.7123074816564563,1.5252274744409802,0.015816661014902558,0.8128135940920083,-0.3744273371039956,0.7644756297194937,1.0577799070624054,-0.47457390005895367,1.346361575061303,1.5504741967293587
2023.0,N. Pickering,Memphis 901,ST,1210.0,0.518,0.493,0.504,0.5,0.571,0.372,0.316,0.177,0.45,0.312,0.411,0.056479843304885306,-0.033311205224059885,0.008720412495785637,-0.008308362789929828,0.26915497704935243,-0.43627355933727785,-0.6368090790755596,-1.1148636959962723,-0.18022999102387408,-0.6220198602450886,-0.20051360287728548
2022.0,W. Harris,Louisville City,ST,2448.0,0.819,0.918,0.539,0.94,0.918,0.961,0.77,0.223,0.84,0.461,0.348,1.1015119385267789,1.4337625999806598,0.13045836471615688,1.5081217049423898,1.4556300721047082,1.5874722681851212,0.9379019550654163,-0.955721011695796,1.170289121019432,-0.1083791704716169,-0.41471211040198175
2024.0,G. Hurst,New Mexico United,ST,2445.0,0.589,0.848,0.532,0.766,0.652,0.606,0.929,0.28,0.543,0.191,0.493,0.3029824305499166,1.1921269144175293,0.10611077427208263,0.9084425417937,0.5461131404484414,0.36772732969539007,1.4893976696654498,-0.7585224681060752,0.14181687415568361,-1.0391374673765656,0.07828445453581129
2024.0,D. Bruce,New Mexico United,ST,1478.0,0.44,0.507,0.649,0.688,0.571,0.532,0.174,0.426,0.862,0.759,0.411,-0.2143258159220507,0.015015931888566215,0.5130633574087519,0.6396208479684249,0.26915497704935243,0.11347063829189692,-1.1293398430579795,-0.25341742663065026,1.2464722504167467,0.9189022090753264,-0.20051360287728548
2025.0,J. LaCava,San Antonio,ST,1123.0,0.06,0.071,0.184,0.301,0.082,0.113,0.039,0.897,0.191,0.16,0.089,-1.5336354377968668,-1.4900291953332168,-1.1043122935190361,-0.6941483252415928,-1.4028517131007017,-1.3261719792495044,-1.5975909214919701,1.3760652756633582,-1.0771131962013518,-1.1460023088730595,-1.2953059746701774
2025.0,J. Agudelo,San Antonio,ST,1106.0,0.025,0.089,0.316,0.145,0.082,0.05,0.489,0.078,0.291,0.351,0.493,-1.6551507977063893,-1.4278943047598405,-0.6451863022879222,-1.2317917128921425,-1.4028517131007017,-1.5426337570659918,-0.036753993378667964,-1.4573664295994715,-0.7308262443953759,-0.48757699513659614,0.07828445453581129
2025.0,A. Moreno,El Paso Locomotive,ST,2768.0,0.78,0.613,0.78,0.624,0.652,0.624,0.532,0.816,0.876,0.745,0.411,0.9661091089133113,0.38092139859844915,0.9687111214335695,0.4190492017528149,0.5461131404484414,0.42957355192867225,0.11239264641882547,1.0958357663516494,1.2949524236695833,0.870640667754329,-0.20051360287728548
2025.0,B. Avila,El Paso Locomotive,ST,2167.0,0.521,0.209,0.426,0.369,0.227,0.401,0.163,0.582,0.691,0.571,0.493,0.0668954455828444,-1.0136617009373314,-0.2625813095953272,-0.4597909511375069,-0.907062408250481,-0.33663242351698985,-1.1674936346340823,0.2862838505622696,0.6543215628285277,0.270818654193362,0.07828445453581129
2025.0,R. Avila,El Paso Locomotive,ST,2048.0,0.504,0.238,0.436,0.404,0.259,0.401,0.174,0.511,0.73,0.592,0.493,0.007873699341076247,-0.9135554883468916,-0.22779903753236402,-0.339165832113345,-0.7976468375249152,-0.33663242351698985,-1.1293398430579795,0.04065057696805622,0.7893734740328584,0.343210966174858,0.07828445453581129
2025.0,F. Valot,Loudoun United,ST,3080.0,0.45,0.05,0.968,0.05,0.05,0.06,0.124,0.461,0.401,0.72,0.89,-0.17960714166218708,-1.5625199010021558,1.6226178362172772,-1.559202750243439,-1.5122672838262676,-1.5082747447141684,-1.3027661684039018,-0.1323306016194181,-0.34991059740880226,0.7844593439668337,1.4280750495723893
2025.0,R. Bidois,Loudoun United,ST,1230.0,0.362,0.752,0.543,0.571,0.73,0.344,0.922,0.071,0.926,0.638,0.411,-0.4851314751489867,0.8607408313595222,0.14437127354134216,0.23638830723051255,0.8128135940920083,-0.5324787939223835,1.4651179841170205,-1.481583794601718,1.4680958995725715,0.5017846019438494,-0.20051360287728548
2025.0,Z. Ryan,Loudoun United,ST,1581.0,0.142,0.596,0.387,0.514,0.532,0.259,0.911,0.057,0.479,0.433,0.348,-1.2489423088659855,0.32223844639026034,-0.39823217064088356,0.03994168481973494,0.13580475022756922,-0.8245303989128824,1.4269641925409178,-1.5300185246062108,-0.07980677500014116,-0.20490225311361165,-0.41471211040198175
2022.0,M. Johnsen,Oakland Roots,ST,1425.0,0.89,0.106,0.929,0.216,0.05,0.348,0.394,0.099,0.259,0.95,0.805,1.3480145257718106,-1.3692113525516516,1.486966975171721,-0.9870950428717001,-1.5122672838262676,-0.5187351889816542,-0.36626401153592053,-1.3847143345927324,-0.8416380689732881,1.57732752281179,1.1390770632295453
2022.0,D. Formella,Oakland Roots,ST,2499.0,0.702,0.213,0.922,0.23,0.167,0.128,0.681,0.436,0.582,0.855,0.652,0.695303449686375,-0.9998539474765811,1.4626193847276467,-0.9388449952620354,-1.1122166033609173,-1.274633460721769,0.6292030959496745,-0.21882119091315533,0.27686878536001397,1.249838492419308,0.6188806878124258
2022.0,O. Karlsson,Oakland Roots,ST,2981.0,0.617,0.915,0.479,0.901,0.713,0.876,0.94,0.199,0.773,0.351,0.411,0.40019471847753474,1.423406784885097,-0.07823526766162239,1.3737108580297528,0.7546865721440513,1.2954206631946223,1.5275514612415524,-1.0387519774177836,0.9382768633094282,-0.48757699513659614,-0.20051360287728548
2025.0,A. Diouf,Detroit City,ST,1585.0,0.606,0.461,0.135,0.298,0.681,0.823,0.372,0.915,0.245,0.078,0.17,0.36200417679168473,-0.1437732329100622,-1.2747454266275557,-0.7044876211579495,0.6452710014184856,1.113317897729958,-0.44257159468812646,1.438338499954849,-0.8901182422261248,-1.428677050896044,-1.0199078935669965
2025.0,C. Rutz,Detroit City,ST,879.0,0.223,0.479,0.17,0.082,0.326,0.018,0.993,0.681,0.074,0.504,0.089,-0.9677210473610905,-0.08163834233668599,-1.1530074744071845,-1.4489169271356337,-0.5685579863182615,-1.6525825965918266,1.7113833661082303,0.6287865841654691,-1.4822689298143434,0.03985270644287487,-1.2953059746701774
2025.0,D. Smith,Detroit City,ST,2556.0,0.071,0.691,0.287,0.277,0.695,0.092,0.957,0.206,0.273,0.433,0.348,-1.495444896111017,0.6501725910830799,-0.7460548912705155,-0.7768626925724464,0.6931403136109204,-1.3983259051883334,1.5865164118591661,-1.0145346124155374,-0.7931578957204514,-0.20490225311361165,-0.41471211040198175
2025.0,Braudílio Rodrigues,Lexington,ST,1068.0,0.663,0.067,0.798,0.355,0.082,0.348,0.021,0.982,0.528,0.571,0.567,0.5599006200729073,-1.503836948793967,1.0313192111469034,-0.5080409987471717,-1.4028517131007017,-0.5187351889816542,-1.660024398616502,1.6701332792620645,0.08987383138478719,0.270818654193362,0.3298827014695813
2025.0,C. Burke,Lexington,ST,1274.0,0.163,0.837,0.014,0.713,0.812,0.511,0.809,0.004,0.514,0.018,0.043,-1.1760330929202718,1.154155592400466,-1.6956109185894102,0.7257816472713977,1.0931909940762712,0.041316712353067685,1.073174488835236,-1.7133785739089336,0.04139365813195051,-1.6355122279860328,-1.4517048849263048
2025.0,Cory Burke,Lexington,ST,1274.0,0.163,0.837,0.014,0.713,0.812,0.511,0.809,0.004,0.514,0.018,0.043,-1.1760330929202718,1.154155592400466,-1.6956109185894102,0.7257816472713977,1.0931909940762712,0.041316712353067685,1.073174488835236,-1.7133785739089336,0.04139365813195051,-1.6355122279860328,-1.4517048849263048
2025.0,F. Ajago,Lexington,ST,1632.0,0.085,0.716,0.025,0.777,0.652,0.23,0.699,0.663,0.482,0.011,0.089,-1.446838752147208,0.7364710502127694,-1.6573504193201507,0.946353293487008,0.5461131404484414,-0.9241715347331702,0.6916365730742062,0.5665133598739783,-0.06941816644596188,-1.6596429986465313,-1.2953059746701774
2022.0,J. LaCava,Tampa Bay Rowdies,ST,2460.0,0.961,0.812,0.862,0.674,0.851,0.812,0.656,0.784,0.926,0.638,0.855,1.5945171130168418,1.067857133270777,1.2539257523498675,0.5913708003587604,1.2265412208980544,1.0755229841429526,0.5424899332767131,0.9851278120556661,1.4680958995725715,0.5017846019438494,1.3090758787253358
2022.0,S. Guenzatti,Tampa Bay Rowdies,ST,2008.0,0.83,0.695,0.848,0.915,0.518,0.752,0.638,0.713,0.791,0.777,0.493,1.139702480212629,0.6639803445438303,1.205230571461719,1.4219609056394176,0.08793543803513408,0.869368910032012,0.480056456152181,0.7394945384614524,1.0006085146345038,0.9809527622023231,0.07828445453581129
2022.0,Duba,Tampa Bay Rowdies,ST,1386.0,0.61,0.787,0.248,0.908,0.77,0.73,0.277,0.433,0.894,0.096,0.248,0.37589164649563017,0.9815586741410874,-0.8817057523160718,1.397835881834585,0.9495830574989658,0.7937790828580004,-0.772081612845379,-0.2292000616284038,1.357284074994659,-1.3666264977690477,-0.7547097413935631
2022.0,K. Greig,Tampa Bay Rowdies,ST,899.0,0.465,0.589,0.337,0.95,0.326,0.823,0.578,0.546,0.652,0.706,0.089,-0.12752913027239166,0.29807487783394726,-0.5721435309556995,1.542586024663579,-0.5685579863182615,1.113317897729958,0.2719448657370739,0.16173740197928838,0.5192696516241974,0.7361978026458363,-1.2953059746701774
2022.0,P. Judd,LA Galaxy II,ST,2097.0,0.844,0.968,0.411,0.989,0.933,1.0,0.713,0.826,0.876,0.383,0.652,1.188308624176438,1.6063595182400383,-0.31475471768977203,1.6769968715762167,1.5069186208823173,1.7214724163572328,0.7401959441710645,1.1304320020691443,1.2949524236695833,-0.37726490068860213,0.6188806878124258
2022.0,M. Salazar,LA Galaxy II,ST,1925.0,0.816,0.358,0.926,0.567,0.415,0.592,0.255,0.727,0.574,0.957,0.947,1.09109633624882,-0.4993228845243826,1.476532293552832,0.2226025793420369,-0.26424593023778137,0.31962471240283724,-0.848389195997585,0.7879292684659452,0.24916582921553587,1.6014582934722885,1.6218736992375906
2024.0,A. Moreno,El Paso Locomotive,ST,2340.0,0.628,0.457,0.645,0.415,0.301,0.309,0.933,0.752,0.645,0.504,0.745,0.4383852601633847,-0.15758098637081253,0.49915044858356655,-0.3012550804200372,-0.65403890094761,-0.6527353371537654,1.5032717756931235,0.8744198577596825,0.495029564997779,0.03985270644287487,0.9350784846345963
2024.0,T. Moshobane,El Paso Locomotive,ST,2254.0,0.379,0.074,0.716,0.138,0.039,0.188,0.454,0.337,0.067,0.766,0.78,-0.42610972890721854,-1.479673380237654,0.746104580230605,-1.2559167366969748,-1.549878886263181,-1.0684793866108286,-0.1581524211208136,-0.5613239245163545,-1.506509016440762,0.9430329797358251,1.05407765548165
2024.0,J. Rivas,El Paso Locomotive,ST,1163.0,0.011,0.152,0.401,0.167,0.082,0.184,0.294,0.39,0.131,0.131,0.493,-1.7037569416701985,-1.210422187753023,-0.34953698975273506,-1.1559702095055264,-1.4028517131007017,-1.082222991551558,-0.7131166622277656,-0.3779638752136317,-1.2848853672849372,-1.2459726444665542,0.07828445453581129
2022.0,H. Barry,Colorado Springs,ST,2875.0,0.943,0.777,0.975,0.578,0.801,0.837,0.592,0.266,0.801,0.918,0.89,1.5320234993490873,0.9470392904892116,1.6469654266613514,0.2605133310353449,1.0555793916393579,1.161420515022511,0.3205042368339322,-0.806957198110568,1.0352372098151015,1.4670154283637964,1.4280750495723893
2022.0,E. Amoh,Colorado Springs,ST,2755.0,0.511,0.738,0.234,0.603,0.812,0.681,0.482,0.287,0.39,0.096,0.089,0.03217677132298078,0.8124136942468961,-0.9304009332042203,0.34667413033831773,1.0931909940762712,0.6254199223340658,-0.06103367892709713,-0.7343051031038289,-0.38800216210745964,-1.3666264977690477,-1.2953059746701774
2024.0,W. Leggett,Loudoun United,ST,1958.0,0.887,0.727,0.358,0.617,0.73,0.486,0.755,0.936,0.691,0.33,0.652,1.3375989234938515,0.7744423722298327,-0.4991007596234769,0.3949241779479825,0.8128135940920083,-0.04458081852649093,0.8858740574616395,1.5109905949615883,0.6543215628285277,-0.559969307118092,0.6188806878124258
2024.0,Z. Ryan,Loudoun United,ST,2695.0,0.22,0.667,0.415,0.826,0.571,0.557,0.589,0.113,0.422,0.489,0.17,-0.9781366496390497,0.5673260703185784,-0.3008418088645868,1.1152284601208344,0.26915497704935243,0.19936816917145553,0.3100986573131769,-1.3362796045882397,-0.2771903375295474,-0.01185608782962232,-1.0199078935669965
2023.0,B. Avila,Charleston Battery,ST,1474.0,0.564,0.149,0.319,0.156,0.259,0.259,0.032,0.869,0.27,0.351,0.652,0.21618574490025755,-1.2207780028485857,-0.6347516206690332,-1.1938809611988344,-0.7976468375249152,-0.8245303989128824,-1.6218706070403992,1.2791958156543723,-0.8035465042746307,-0.48757699513659614,0.6188806878124258
2023.0,A. Williams,Charleston Battery,ST,3074.0,0.099,0.73,0.05,0.613,0.631,0.525,0.656,0.032,0.17,0.089,0.248,-1.3982326081833991,0.7847981873253954,-1.5703947391627429,0.38113845005950686,0.47430917215978874,0.08941932964562051,0.5424899332767131,-1.616509113899948,-1.1498334560806065,-1.3907572684295464,-0.7547097413935631
2022.0,R. Ruiz,Rio Grande Valley,ST,2848.0,0.872,0.082,0.961,0.188,0.103,0.383,0.064,0.851,0.216,0.957,0.947,1.285520912104056,-1.4520578733161533,1.598270245773203,-1.0835951380910294,-1.3310477448120492,-0.39847864575027203,-1.5108777588190088,1.2169225913628816,-0.9905414582498578,1.6014582934722885,1.6218736992375906
2022.0,F. López,Rio Grande Valley,ST,1505.0,0.571,0.748,0.624,0.748,0.713,0.94,0.73,0.617,0.943,0.613,0.805,0.2404888168821621,0.8469330778987719,0.4261076772513438,0.8464067662955596,0.7546865721440513,1.515318342246292,0.7991608947886782,0.40737067557350176,1.526964681379587,0.4156032781563541,1.1390770632295453
2025.0,JJ Williams,Rhode Island,ST,1791.0,0.582,0.5,0.652,0.621,0.571,0.901,0.17,0.369,0.918,0.592,0.652,0.27867935856801207,-0.009147636667746834,0.5234980390276408,0.40870990583645816,0.26915497704935243,1.381318194074181,-1.1432139490856532,-0.450615970220371,1.4403929434280933,0.343210966174858,0.6188806878124258
2025.0,N. Fuson,Rhode Island,ST,2720.0,0.56,0.117,0.759,0.131,0.149,0.365,0.103,0.56,0.316,0.613,0.652,0.2022982751963125,-1.3312400305345882,0.8956683501013468,-1.2800417605018073,-1.173762861894048,-0.46032486798355426,-1.3756052250491893,0.2101721319837812,-0.6442545064438818,0.4156032781563541,0.6188806878124258
2025.0,A. Dikwa,Rhode Island,ST,1942.0,0.305,0.504,0.344,0.535,0.415,0.188,0.901,0.649,0.734,0.638,0.411,-0.6830279184302092,0.00466011679300348,-0.5477959405116254,0.1123167562342321,-0.26424593023778137,-1.0684793866108286,1.392278927471733,0.5180786298694854,0.8032249521050975,0.5017846019438494,-0.20051360287728548
2023.0,T. Reid,Oakland Roots,ST,1044.0,0.922,0.27,0.901,0.454,0.227,0.777,0.259,0.872,0.592,0.894,0.493,1.4591142834033741,-0.8030934606608892,1.389576613395424,-0.1668442335073996,-0.907062408250481,0.9552664409115706,-0.8345150899699112,1.289574686369621,0.3114974805406116,1.3842813575278008,0.07828445453581129
2023.0,J. Rodriguez,Oakland Roots,ST,2072.0,0.507,0.89,0.33,0.486,0.833,0.411,0.982,0.624,0.351,0.383,0.348,0.01828930161903533,1.3371083257554077,-0.5964911213997737,-0.0565584103995946,1.1649949623649234,-0.3022734111651666,1.6732295745321273,0.4315880405757482,-0.5230540733117903,-0.37726490068860213,-0.41471211040198175
2023.0,A. Peláez,Oakland Roots,ST,1450.0,0.443,0.872,0.309,0.957,0.833,0.887,0.557,0.284,0.826,0.216,0.411,-0.20391021364409162,1.2749734351820312,-0.6695338927319965,1.5667110484684115,1.1649949623649234,1.333215576781628,0.19910580909178677,-0.7446839738190774,1.1218089477665951,-0.9529561435890704,-0.20051360287728548
2025.0,J. Tejada,Colorado Springs,ST,2159.0,0.014,0.206,0.011,0.135,0.227,0.071,0.422,0.429,0.096,0.096,0.0,-1.6933413393922394,-1.0240175160328941,-1.706045600208299,-1.2662560326133316,-0.907062408250481,-1.4704798311271625,-0.26914526934220406,-0.24303855591540177,-1.406085800417029,-1.3666264977690477,-1.5979038662526848
2024.0,B. Morris,Detroit City,ST,2890.0,0.567,0.369,0.745,0.22,0.606,0.28,0.206,0.309,0.199,0.571,0.745,0.22660134717821664,-0.46135156250731923,0.8469731692131983,-0.9733093149832245,0.38882825753044026,-0.7523764729740532,-1.0183469948365889,-0.6581933845253402,-1.0494102400568737,0.270818654193362,0.9350784846345963
2024.0,E. Amoh,Detroit City,ST,1154.0,0.372,0.475,0.362,0.794,0.415,0.546,0.355,0.021,0.67,0.33,0.493,-0.4504128008891231,-0.09544609579743629,-0.4851878507982916,1.0049426370130294,-0.26424593023778137,0.16157325558444974,-0.5015365453057402,-1.6545649731891923,0.581601302949273,-0.559969307118092,0.07828445453581129
2024.0,C. Rutz,Detroit City,ST,1239.0,0.28,0.557,0.163,0.823,0.387,0.326,0.809,0.355,0.216,0.018,0.043,-0.769824604079868,0.18761285014794515,-1.1773550648512587,1.1048891642044776,-0.35998455462265144,-0.5943250161556655,1.073174488835236,-0.4990507002248638,-0.9905414582498578,-1.6355122279860328,-1.4517048849263048
2023.0,M. Foster,Colorado Springs,ST,2578.0,0.883,0.184,0.936,0.142,0.167,0.337,0.507,0.904,0.887,0.933,0.652,1.3237114537899062,-1.0999601600670206,1.5113145656157954,-1.2421310088084991,-1.1122166033609173,-0.5565301025686598,0.025679483745864175,1.4002826406656046,1.3330439883682408,1.5187242226362936,0.6188806878124258
2025.0,I. Sacko,Phoenix Rising,ST,2255.0,0.596,0.365,0.83,0.252,0.532,0.188,0.337,0.787,0.379,0.894,0.805,0.32728550253182115,-0.47515931596806954,1.1426224817483852,-0.8630234918754193,0.13580475022756922,-1.0684793866108286,-0.563970022430272,0.9955066827709147,-0.426093726806117,1.3842813575278008,1.1390770632295453
2023.0,J. Tejada,Colorado Springs,ST,1818.0,0.592,0.535,0.376,0.34,0.571,0.277,0.872,0.794,0.298,0.241,0.348,0.31339803282787565,0.11167020611381841,-0.4364926699101431,-0.5597374783289552,0.26915497704935243,-0.7626841766796002,1.291691658771098,1.019724047773161,-0.7065861577689575,-0.8667748198015751,-0.41471211040198175
2023.0,R. Williams,Colorado Springs,ST,2048.0,0.535,0.922,0.486,0.869,0.851,0.713,0.855,0.06,0.628,0.504,0.348,0.11550158954665346,1.4475703534414102,-0.05388767721754815,1.2634250349219476,1.2265412208980544,0.7353687618599005,1.2327267081534843,-1.5196396538909624,0.436160783190763,0.03985270644287487,-0.41471211040198175
2025.0,R. Cabral,Phoenix Rising,ST,1241.0,0.138,0.759,0.28,0.922,0.387,0.638,0.706,0.294,0.401,0.461,0.089,-1.262829778569931,0.8849043999158352,-0.7704024817145896,1.4460859294442499,-0.35998455462265144,0.4776761692212251,0.7159162586226354,-0.7100877381015825,-0.34991059740880226,-0.1083791704716169,-1.2953059746701774
2025.0,D. Formella,Phoenix Rising,ST,1215.0,0.035,0.018,0.571,0.046,0.06,0.078,0.007,0.319,0.199,0.489,0.652,-1.6204321234465258,-1.6729819286881582,0.24176163531763878,-1.5729884781319146,-1.4780749179745283,-1.4464285224808862,-1.7085837697133603,-0.6235971488078452,-1.0494102400568737,-0.01185608782962232,0.6188806878124258
2023.0,M. Dyer,FC Tulsa,ST,2120.0,0.787,0.362,0.826,0.83,0.227,0.84,0.238,0.674,0.83,0.865,0.805,0.9904121808952158,-0.4855151310636323,1.1287095729232,1.12901418800931,-0.907062408250481,1.171728218728058,-0.9073541466151986,0.6045692191632227,1.1356604258388343,1.2843110219343061,1.1390770632295453
2023.0,P. Goodrum,FC Tulsa,ST,2834.0,0.525,0.511,0.461,0.465,0.301,0.681,0.592,0.688,0.752,0.461,0.348,0.08078291528678984,0.02882368534931653,-0.14084335737495599,-0.12893348181409156,-0.65403890094761,0.6254199223340658,0.3205042368339322,0.6530039491677152,0.8655566034301732,-0.1083791704716169,-0.41471211040198175
2024.0,D. Rivera,Tampa Bay Rowdies,ST,1294.0,1.0,0.645,0.972,0.695,0.812,0.908,0.16,0.968,0.989,0.812,0.926,1.72991994263031,0.49138342628445164,1.6365307450424624,0.6637458717732573,1.0931909940762712,1.4053695027204574,-1.1778992141548377,1.6216985492575715,1.686256679210336,1.1016066155048165,1.5504741967293587
2024.0,C. Jennings,Tampa Bay Rowdies,ST,2932.0,0.879,0.879,0.617,0.943,0.904,0.975,0.539,0.83,0.996,0.365,0.567,1.3098239840859607,1.2991370037383443,0.40176008680726955,1.5184610008587467,1.407760759912273,1.6355748854776742,0.13667233196725465,1.1442704963561423,1.7104967658367545,-0.4393154538155987,0.3298827014695813
2024.0,M. Arteaga,Tampa Bay Rowdies,ST,3110.0,0.585,0.798,0.603,0.741,0.631,0.89,0.688,0.638,0.773,0.383,0.567,0.28909496084597114,1.0195299961581508,0.35306490591912104,0.8222817424907272,0.47430917215978874,1.343523280487175,0.6534827814981032,0.48002277058024106,0.9382768633094282,-0.37726490068860213,0.3298827014695813
2024.0,J. Pérez,Tampa Bay Rowdies,ST,1911.0,0.447,0.039,0.894,0.113,0.046,0.121,0.043,0.911,0.06,0.872,0.968,-0.19002274394014618,-1.6004912230192192,1.3652290229513497,-1.3420775359999477,-1.5259442301669635,-1.2986847693680457,-1.5837168154642962,1.424500005667851,-1.5307491030671803,1.3084417925948049,1.6932732017458227
2022.0,T. Freeman,Loudoun United,ST,1309.0,0.996,0.862,0.943,0.699,0.887,0.954,0.645,0.819,0.553,0.72,0.926,1.7160324729263645,1.2404540515301554,1.535662156059869,0.6775315996617329,1.3496337379643162,1.5634209595388449,0.5043361417006101,1.106214637066898,0.17644556933628125,0.7844593439668337,1.5504741967293587
2022.0,S. Simonsen,Loudoun United,ST,1837.0,0.869,0.092,0.904,0.121,0.121,0.301,0.213,0.84,0.106,0.95,0.947,1.2751053098260972,-1.4175384896642778,1.4000112950143129,-1.3145060802229964,-1.2695014862789182,-0.6802225470352241,-0.9940673092881598,1.1788667320736372,-1.3714571052364313,1.57732752281179,1.6218736992375906
2022.0,A. Liadi,Loudoun United,ST,1199.0,0.149,0.021,0.284,0.11,0.0,0.096,0.096,0.493,0.11,0.667,0.411,-1.224639236884081,-1.6626261135925955,-0.7564895728894044,-1.3524168319163044,-1.6832291130849644,-1.384582300247604,-1.3998849105976183,-0.0216226473234346,-1.3576056271641923,0.601754937537344,-0.20051360287728548
2025.0,B. Jacquesson,Pittsburgh Riverhounds,ST,1015.0,0.273,0.121,0.489,0.273,0.103,0.762,0.103,0.362,0.358,0.592,0.411,-0.7941276760617725,-1.317432277073838,-0.043452995598659186,-0.7906484204609221,-1.3310477448120492,0.9037279223838355,-1.3756052250491893,-0.4748333352226174,-0.498813986685372,0.343210966174858,-0.20051360287728548
2025.0,A. Williams,Pittsburgh Riverhounds,ST,3037.0,0.057,0.348,0.057,0.472,0.259,0.539,0.291,0.074,0.379,0.043,0.17,-1.544051040074826,-0.5338422681762583,-1.5460471487186687,-0.10480845800925936,-0.7976468375249152,0.13752194693817332,-0.7235222417485209,-1.4712049238864695,-0.426093726806117,-1.5493309041985375,-1.0199078935669965
2022.0,P. Goodrum,Memphis 901,ST,2866.0,0.965,0.996,0.73,1.0,0.993,0.911,0.894,0.656,0.975,0.592,0.411,1.6084045827207873,1.7030137924652906,0.7947997611187535,1.7149076232695246,1.7120728159927534,1.4156772064260044,1.367999241923304,0.5422959948717319,1.6377765059574994,0.343210966174858,-0.20051360287728548
2022.0,D. Borczak,Memphis 901,ST,1334.0,0.798,0.383,0.61,0.84,0.326,0.823,0.156,0.5,0.954,0.411,0.089,1.0286027225810657,-0.41302442539469314,0.3774124963631953,1.1634785077304992,-0.5685579863182615,1.113317897729958,-1.1917733201825116,0.0025947176788118295,1.5650562460782445,-0.2807418180466075,-1.2953059746701774
2024.0,N. Fuson,Rhode Island,ST,3070.0,0.901,0.316,0.947,0.149,0.479,0.156,0.287,0.762,0.436,0.94,0.805,1.3862050674576607,-0.6443042958622607,1.5495750648850544,-1.2180059850036669,-0.04541478878664951,-1.1784282261366636,-0.7373963477761947,0.9090160934771774,-0.22871016427671076,1.5428549932967919,1.1390770632295453
2024.0,JJ Williams,Rhode Island,ST,2198.0,0.66,0.734,0.613,0.631,0.73,0.67,0.5,0.163,0.855,0.461,0.493,0.5494850177949483,0.7986059407861458,0.3878471779820843,0.4431742255576473,0.8128135940920083,0.5876250087470601,0.0013997981974350113,-1.163298426000765,1.2222321637903284,-0.1083791704716169,0.07828445453581129
2023.0,W. Leggett,Loudoun United,ST,1265.0,0.613,0.447,0.078,0.383,0.362,0.606,0.904,0.887,0.823,0.113,0.17,0.3863072487735893,-0.19210037002268832,-1.4730043773864459,-0.4115409035278422,-0.4454654692519999,0.36772732969539007,1.4026845069924885,1.3414690399458633,1.1114203392124158,-1.3080231975935508,-1.0199078935669965
2023.0,T. Williamson,Loudoun United,ST,2125.0,0.493,0.28,0.582,0.376,0.227,0.681,0.309,0.255,0.784,0.667,0.17,-0.03031684234477373,-0.7685740770090134,0.2800221345868983,-0.43566592733267456,-0.907062408250481,0.6254199223340658,-0.6610887646239888,-0.8450130573998124,0.9763684280080855,0.601754937537344,-1.0199078935669965
2024.0,A. Dikwa,Rhode Island,ST,2665.0,0.489,0.755,0.528,0.816,0.73,0.482,0.663,0.61,0.592,0.72,0.411,-0.04420431204871918,0.8710966464550849,0.09219786544689734,1.0807641403996453,0.8128135940920083,-0.05832442346722031,0.5667696188251423,0.38315331057125535,0.3114974805406116,0.7844593439668337,-0.20051360287728548
2024.0,M. Doyle,Rhode Island,ST,1322.0,0.457,0.443,0.372,0.755,0.167,0.241,0.936,0.709,0.773,0.018,0.248,-0.15530406968028254,-0.20590812348343862,-0.4504055787353284,0.870531790100392,-1.1122166033609173,-0.8863766211461646,1.513677355213879,0.7256560441744544,0.9382768633094282,-1.6355122279860328,-0.7547097413935631
2023.0,Z. Ryan,Loudoun United,ST,2519.0,0.27,0.546,0.408,0.401,0.461,0.443,0.805,0.085,0.209,0.535,0.17,-0.8045432783397316,0.14964152813088177,-0.32518939930866103,-0.34950512802970174,-0.1069610473197802,-0.19232457163933156,1.0593003828075622,-1.4331490645972251,-1.0147815448762763,0.1467175479393691,-1.0199078935669965
2024.0,Marlon,Memphis 901,ST,2316.0,0.812,0.61,0.734,0.67,0.606,0.812,0.457,0.73,0.702,0.84,0.805,1.077208866544875,0.37056558350288643,0.8087126699439388,0.5775850724702848,0.38882825753044026,1.0755229841429526,-0.14774684160005824,0.7983081391811937,0.6924131275271851,1.1981296981468108,1.1390770632295453
2022.0,A. Dikwa,Pittsburgh Riverhounds,ST,2636.0,0.699,0.844,0.585,0.848,0.755,0.511,0.908,0.323,0.833,0.411,0.411,0.684887847408416,1.1783191609567791,0.2904568162057873,1.1910499635074505,0.8982945087213567,0.041316712353067685,1.4165586130201624,-0.6097586545208473,1.1460490343930134,-0.2807418180466075,-0.20051360287728548
2022.0,D. Kelly,Pittsburgh Riverhounds,ST,1104.0,0.621,0.947,0.23,0.996,0.947,0.858,0.316,0.273,0.957,0.16,0.043,0.4140821881814802,1.5338688125710993,-0.9443138420294056,1.701121895381049,1.554787933074752,1.23357444096134,-0.6368090790755596,-0.7827398331083216,1.5754448546324236,-1.1460023088730595,-1.4517048849263048
2023.0,L. Solignac,El Paso Locomotive,ST,1887.0,0.486,0.663,0.642,0.592,0.652,0.663,0.546,0.234,0.77,0.667,0.493,-0.05461991432667826,0.553518316857828,0.4887157669646776,0.3087633786450097,0.5461131404484414,0.5635737001007837,0.1609520175156838,-0.9176651524065517,0.9278882547552488,0.601754937537344,0.07828445453581129
2023.0,J. Gómez,El Paso Locomotive,ST,2546.0,0.436,0.177,0.092,0.309,0.259,0.216,0.074,0.78,0.195,0.113,0.17,-0.22821328562599613,-1.1241237286233337,-1.4243091964982975,-0.6665768694646415,-0.7976468375249152,-0.972274152025723,-1.4761924937498243,0.9712893177686682,-1.0632617181291126,-1.3080231975935508,-1.0199078935669965
2023.0,R. Zacarías,El Paso Locomotive,ST,1646.0,0.383,0.156,0.752,0.085,0.213,0.078,0.234,0.241,0.138,0.933,0.567,-0.4122222592032731,-1.1966144342922727,0.8713207596572725,-1.438577631219277,-0.9549317204429162,-1.4464285224808862,-0.9212282526428723,-0.8934477874043053,-1.2606452806585189,1.5187242226362936,0.3298827014695813
2024.0,N. Pickering,Memphis 901,ST,1374.0,0.174,0.309,0.223,0.411,0.326,0.631,0.404,0.387,0.472,0.241,0.043,-1.1378425512344221,-0.6684678644185738,-0.9686614324734799,-0.31504080830851283,-0.5685579863182615,0.45362486057494866,-0.331578746466736,-0.38834274592888013,-0.1040468616265595,-0.8667748198015751,-1.4517048849263048
2023.0,E. Sonupé,El Paso Locomotive,ST,1233.0,0.053,0.216,0.089,0.209,0.387,0.504,0.103,0.213,0.227,0.131,0.17,-1.5579385097787715,-0.9894981323810184,-1.4347438781171866,-1.0112200666765325,-0.35998455462265144,0.017265403706791273,-1.3756052250491893,-0.990317247413291,-0.9524498935512005,-1.2459726444665542,-1.0199078935669965
2023.0,D. Bruce,New Mexico United,ST,1165.0,0.337,0.351,0.567,0.543,0.415,0.663,0.22,0.791,0.418,0.504,0.493,-0.5719281607986455,-0.5234864530806956,0.2278487264924535,0.1398882120111834,-0.26424593023778137,0.5635737001007837,-0.9697876237397306,1.0093451770579127,-0.2910418156017865,0.03985270644287487,0.07828445453581129
2023.0,G. Hurst,New Mexico United,ST,1745.0,0.191,0.355,0.273,0.213,0.479,0.206,0.479,0.326,0.131,0.28,0.248,-1.078820804992654,-0.5096786996199454,-0.7947500721586638,-0.9974343387880568,-0.04541478878664951,-1.0066331643775466,-0.07143925844785248,-0.5993797838055989,-1.2848853672849372,-0.7323319546930824,-0.7547097413935631
2023.0,C. François,Rio Grande Valley,ST,2151.0,0.911,0.273,0.766,0.418,0.149,0.504,0.716,0.652,0.865,0.855,0.652,1.4209237417175242,-0.7927376455653264,0.920015940545421,-0.29091578450368044,-1.173762861894048,0.017265403706791273,0.7506015236918199,0.528457500584734,1.2568608589709258,1.249838492419308,0.6188806878124258
2023.0,F. López,Rio Grande Valley,ST,1188.0,0.557,0.624,0.638,0.394,0.755,0.443,0.578,0.532,0.894,0.844,0.745,0.1918826729183534,0.4188927206155125,0.4748028581394923,-0.37363015183453413,0.8982945087213567,-0.19232457163933156,0.2719448657370739,0.1133026719747955,1.357284074994659,1.2119187099528101,0.9350784846345963
2023.0,C. Pinzón,Rio Grande Valley,ST,1663.0,0.514,0.11,0.872,0.163,0.131,0.443,0.053,0.528,0.128,0.812,0.805,0.04259237360093986,-1.3554035990909012,1.2887080244128306,-1.169755937394002,-1.2353091204271789,-0.19232457163933156,-1.5490315503951118,0.09946417768779754,-1.2952739758391165,1.1016066155048165,1.1390770632295453
2022.0,A. Apodaca,Charleston Battery,ST,1797.0,0.727,0.56,0.887,0.819,0.571,0.865,0.273,0.723,0.986,0.926,0.78,0.7821001353360341,0.19796866524350787,1.3408814325072755,1.091103436316002,0.26915497704935243,1.2576257496076166,-0.7859557188730528,0.7740907741789473,1.6758680706561568,1.4945934519757949,1.05407765548165
2022.0,A. Williams,Charleston Battery,ST,2944.0,0.411,0.816,0.468,0.872,0.833,0.89,0.33,0.128,0.617,0.706,0.248,-0.31500997127565517,1.0816648867315268,-0.11649576693088173,1.2737643308383042,1.1649949623649234,1.343523280487175,-0.5882497079787012,-1.2843852510119973,0.39806921849210564,0.7361978026458363,-0.7547097413935631
2024.0,J. Tejada,Colorado Springs,ST,1739.0,0.394,0.305,0.457,0.443,0.362,0.167,0.259,0.606,0.351,0.613,0.248,-0.37403171751742315,-0.6822756178793241,-0.15475626620014127,-0.20475498520070762,-0.4454654692519999,-1.140633312549658,-0.8345150899699112,0.3693148162842574,-0.5230540733117903,0.4156032781563541,-0.7547097413935631
2024.0,R. Damus,Colorado Springs,ST,2880.0,0.202,0.681,0.053,0.642,0.387,0.695,0.809,0.145,0.443,0.096,0.043,-1.040630263306804,0.6156532074312044,-1.559960057543854,0.4810849772509553,-0.35998455462265144,0.6735225396266183,1.073174488835236,-1.225571650292256,-0.2044700776502924,-1.3666264977690477,-1.4517048849263048
2024.0,J. Dhillon,Colorado Springs,ST,2064.0,0.199,0.404,0.255,0.585,0.227,0.567,0.613,0.082,0.635,0.174,0.493,-1.051045865584763,-0.34053371972575397,-0.8573581618719975,0.2846383548401773,-0.907062408250481,0.2337271815232786,0.3933432934792197,-1.4435279353124735,0.46040086981718137,-1.0977407675520625,0.07828445453581129
2022.0,T. Etaka Preston,New Mexico United,ST,1356.0,0.993,0.34,0.833,0.628,0.326,0.911,0.174,0.972,0.848,0.787,0.855,1.7056168706484054,-0.5614577750977588,1.1530571633672742,0.43283492964129056,-0.5685579863182615,1.4156772064260044,-1.1293398430579795,1.6355370435445695,1.1979920771639099,1.0154252917173212,1.3090758787253358
2022.0,J. Kiesewetter,New Mexico United,ST,1005.0,0.809,0.326,0.663,0.287,0.259,0.216,0.897,0.979,0.741,0.855,0.652,1.0667932642669158,-0.6097849122103849,0.5617585382969004,-0.7423983728512575,-0.7976468375249152,-0.972274152025723,1.3784048214440594,1.6597544085468159,0.8274650387315158,1.249838492419308,0.6188806878124258
2022.0,S. Rivas,New Mexico United,ST,1569.0,0.624,0.188,0.699,0.071,0.131,0.078,0.965,0.922,0.074,0.571,0.493,0.42449779045943925,-1.0861524066062704,0.6869747177235676,-1.4868276788289418,-1.2353091204271789,-1.4464285224808862,1.6142646239145138,1.4625558649570953,-1.4822689298143434,0.270818654193362,0.07828445453581129
2022.0,N. Brett,New Mexico United,ST,1993.0,0.262,0.578,0.535,0.709,0.631,0.691,0.387,0.397,0.67,0.613,0.411,-0.8323182177476225,0.2601035558168839,0.1165454558909716,0.7119959193829221,0.47430917215978874,0.659778934685889,-0.3905436970843497,-0.35374651021138526,0.581601302949273,0.4156032781563541,-0.20051360287728548
2022.0,T. Trager,Atlanta United II,ST,1574.0,0.837,0.908,0.713,0.504,0.865,0.152,0.996,0.77,0.638,0.787,0.89,1.1640055521945334,1.399243216328784,0.735669898611716,0.0054773650985458205,1.2744105330904896,-1.192171831077393,1.7217889456289857,0.9366930820511733,0.47078947837136065,1.0154252917173212,1.4280750495723893
2022.0,J. Conway,Atlanta United II,ST,2121.0,0.472,0.883,0.252,0.865,0.876,0.968,0.869,0.738,0.546,0.174,0.17,-0.10322605829048732,1.3129447571990946,-0.8677928434908866,1.249639307033472,1.3120221355274029,1.6115235768313976,1.2812860792503427,0.8259851277551896,0.15220548270986292,-1.0977407675520625,-1.0199078935669965
2022.0,E. Martínez,Birmingham Legion,ST,3378.0,0.972,0.702,0.979,0.691,0.791,0.745,0.401,0.858,0.833,0.94,0.947,1.632707654702692,0.6881439131001432,1.6608783354865366,0.6499601438847816,1.0213870257876185,0.8453176013857355,-0.34198432598749134,1.241139956365128,1.1460490343930134,1.5428549932967919,1.6218736992375906
2022.0,J. Agudelo,Birmingham Legion,ST,2046.0,0.855,0.454,0.954,0.553,0.259,0.713,0.486,0.117,0.894,0.915,0.968,1.226499165862288,-0.16793680146637524,1.5739226553291286,0.1743525317323725,-0.7976468375249152,0.7353687618599005,-0.04715957289942332,-1.3224411103012417,1.357284074994659,1.4566736695092968,1.6932732017458227
2024.0,R. Cicerone,Sacramento Republic,ST,1789.0,0.926,0.433,0.855,0.706,0.326,0.876,0.309,0.926,0.638,0.706,0.652,1.4730017531073196,-0.2404275071353144,1.2295781619057933,0.7016566234665653,-0.5685579863182615,1.2954206631946223,-0.6610887646239888,1.4763943592440933,0.47078947837136065,0.7361978026458363,0.6188806878124258
2024.0,K. Phillips,Sacramento Republic,ST,1587.0,0.766,1.0,0.206,0.972,0.986,0.823,1.0,0.121,0.762,0.174,0.248,0.9175029649495022,1.716821545926041,-1.0277912949805172,1.618407528050195,1.6881381598965357,1.113317897729958,1.7356630516566598,-1.3086026160142437,0.9001852986107708,-1.0977407675520625,-0.7547097413935631
2024.0,T. Amann,Sacramento Republic,ST,1898.0,0.631,0.851,0.465,0.798,0.833,0.78,0.801,0.525,0.489,0.433,0.567,0.44880086244134376,1.202482729513092,-0.1269304485497707,1.018728364901505,1.1649949623649234,0.9655741446171177,1.0454262767798883,0.08908530697254907,-0.04517807981954354,-0.20490225311361165,0.3298827014695813
2023.0,W. Harris,Louisville City,ST,2061.0,0.468,0.592,0.507,0.429,0.77,0.652,0.387,0.408,0.791,0.695,0.348,-0.11711352799443257,0.30843069292951003,0.0191550941146746,-0.2530050328103724,0.9495830574989658,0.5257787865137779,-0.3905436970843497,-0.31569065092214105,1.0006085146345038,0.6982780201793384,-0.41471211040198175
2023.0,C. Lancaster,Louisville City,ST,1516.0,0.16,0.809,0.22,0.599,0.876,0.986,0.461,0.089,0.5,0.191,0.248,-1.186448695198231,1.0575013181752142,-0.9790961140923689,0.3328884024498421,1.3120221355274029,1.6733697990646799,-0.13387273557238444,-1.4193105703102273,-0.007086515120886155,-1.0391374673765656,-0.7547097413935631
2025.0,M. Arteaga,Tampa Bay Rowdies,ST,2281.0,0.39,0.564,0.475,0.734,0.631,0.713,0.202,0.372,0.528,0.433,0.248,-0.3879191872213686,0.2117764187042578,-0.09214817648680768,0.7981567186858948,0.47430917215978874,0.7353687618599005,-1.0322211008642628,-0.44023709950512246,0.08987383138478719,-0.20490225311361165,-0.7547097413935631
2025.0,W. Pacius,Tampa Bay Rowdies,ST,2601.0,0.287,0.723,0.195,0.294,0.887,0.465,0.422,0.149,0.124,0.351,0.248,-0.7455215320979637,0.7606346187690824,-1.0660517942497767,-0.7182733490464251,1.3496337379643162,-0.11673474446531998,-0.26914526934220406,-1.211733156005258,-1.3091254539113557,-0.48757699513659614,-0.7547097413935631
2023.0,C. Jennings,Tampa Bay Rowdies,ST,2265.0,0.989,0.989,0.706,0.745,1.0,0.851,0.954,0.943,0.887,0.812,0.745,1.6917294009444601,1.6788502239089775,0.7113223081676417,0.8360674703792028,1.7360074720889707,1.2095231323150637,1.5761108323384108,1.5352079599638342,1.3330439883682408,1.1016066155048165,0.9350784846345963
2023.0,JJ Williams,Tampa Bay Rowdies,ST,2481.0,0.553,0.819,0.365,0.791,0.862,0.649,0.461,0.227,0.461,0.571,0.567,0.17799520321440795,1.0920207018270895,-0.47475316917940263,0.9946033410966728,1.2641528233349677,0.5154710828082308,-0.13387273557238444,-0.9418825174087981,-0.1421384263252167,0.270818654193362,0.3298827014695813
2022.0,Rodrigo Da Costa,FC Tulsa,ST,2683.0,0.936,0.553,0.986,0.493,0.571,0.596,0.674,0.553,0.45,0.989,0.989,1.5077204273671834,0.17380509668719482,1.685225925930611,-0.03243338659476221,0.26915497704935243,0.3333683173435666,0.6049234104012453,0.1859547669815348,-0.18022999102387408,1.7117703879202826,1.7646727042540546
2022.0,M. Ramírez,FC Tulsa,ST,902.0,0.865,0.397,0.578,0.255,0.571,0.372,0.379,0.798,0.894,0.489,0.411,1.2612178401221517,-0.36469728828206704,0.26610922576171303,-0.8526841959590625,0.26915497704935243,-0.43627355933727785,-0.4182919091396973,1.033562542060159,1.357284074994659,-0.01185608782962232,-0.20051360287728548
2022.0,D. Suárez,FC Tulsa,ST,2174.0,0.688,0.465,0.794,0.408,0.546,0.801,0.284,0.748,0.156,0.837,0.805,0.646697305722566,-0.1299654794493119,1.0174063023217181,-0.32538010422486957,0.18367406242000436,1.0377280705559468,-0.74780192729695,0.8605813634726845,-1.1983136293334433,1.1877879392923114,1.1390770632295453
2022.0,B. Brown,FC Tulsa,ST,1331.0,0.181,0.344,0.44,0.787,0.326,0.926,0.085,0.372,0.936,0.241,0.248,-1.1135394792525175,-0.5476500216370087,-0.21388612870717874,0.9808176132081972,-0.5685579863182615,1.4672157249537396,-1.4380387021737213,-0.44023709950512246,1.502724594753169,-0.8667748198015751,-0.7547097413935631
2025.0,T. Trager,Orange County SC,ST,866.0,0.209,0.266,0.355,0.387,0.362,0.411,0.174,0.585,0.496,0.504,0.089,-1.0163271913248997,-0.8169012141216394,-0.5095354412423658,-0.3977551756393665,-0.4454654692519999,-0.3022734111651666,-1.1293398430579795,0.2966627212775181,-0.020937993193125205,0.03985270644287487,-1.2953059746701774
2025.0,E. Zubak,Orange County SC,ST,2558.0,0.206,0.656,0.216,0.589,0.461,0.188,0.631,0.181,0.16,0.365,0.248,-1.0267427936028588,0.5293547483015151,-0.9930090229175541,0.29842408272865295,-0.1069610473197802,-1.0684793866108286,0.4557767706037518,-1.1010252017092745,-1.1844621512612041,-0.4393154538155987,-0.7547097413935631
2025.0,R. Damus,Birmingham Legion,ST,2826.0,0.089,0.649,0.035,0.596,0.631,0.291,0.638,0.216,0.305,0.216,0.17,-1.4329512824432626,0.505191179745202,-1.6225681472571876,0.32254910653348534,0.47430917215978874,-0.7145815593870476,0.480056456152181,-0.9799383766980425,-0.6823460711425392,-0.9529561435890704,-1.0199078935669965
2023.0,P. Saydee,Hartford Athletic,ST,2800.0,0.897,0.496,0.748,0.262,0.546,0.408,0.773,0.957,0.333,0.777,0.805,1.3723175977537152,-0.02295539012849715,0.8574078508320873,-0.8285591721542301,0.18367406242000436,-0.3125811148707136,0.9483075345861717,1.5836426899683271,-0.5853857246368659,0.9809527622023231,1.1390770632295453
2023.0,A. Hoppenot,Hartford Athletic,ST,2220.0,0.723,0.199,0.77,0.323,0.142,0.053,0.592,0.961,0.408,0.812,0.78,0.7682126656320887,-1.048181084589207,0.9339288493706063,-0.6183268218549767,-1.1976975179902658,-1.5323260533604448,0.3205042368339322,1.5974811842553251,-0.32567051078238407,1.1016066155048165,1.05407765548165
2023.0,K. Edwards,Hartford Athletic,ST,1379.0,0.539,0.713,0.213,0.66,0.479,0.585,0.72,0.574,0.617,0.383,0.493,0.1293890592505989,0.7261152351172067,-1.003443704536443,0.5431207527490958,-0.04541478878664951,0.2955734037565608,0.7644756297194937,0.2586068619882737,0.39806921849210564,-0.37726490068860213,0.07828445453581129
2023.0,E. Amoh,Hartford Athletic,ST,2070.0,0.252,0.312,0.096,0.72,0.227,0.801,0.113,0.333,0.734,0.096,0.0,-0.8670368920074861,-0.658112049323011,-1.4103962876731122,0.7499066710762301,-0.907062408250481,1.0377280705559468,-1.3409199599800048,-0.5751624188033524,0.8032249521050975,-1.3666264977690477,-1.5979038662526848
2024.0,T. Pasher,Birmingham Legion,ST,1974.0,0.755,0.294,0.918,0.234,0.259,0.411,0.691,0.44,0.096,0.613,0.911,0.8793124232636522,-0.7202469398963874,1.4487064759024615,-0.9250592673735597,-0.7976468375249152,-0.3022734111651666,0.6638883610188586,-0.20498269662615737,-1.406085800417029,0.4156032781563541,1.4994745520806214
2024.0,Stéfano Pinho,Birmingham Legion,ST,1824.0,0.333,0.766,0.326,0.78,0.851,0.436,0.209,0.245,0.652,0.241,0.411,-0.585815630502591,0.9090679684721483,-0.6104040302249589,0.9566925894033648,1.2265412208980544,-0.21637588028560797,-1.0079414153158335,-0.8796092931173073,0.5192696516241974,-0.8667748198015751,-0.20051360287728548
2024.0,E. Martínez,Birmingham Legion,ST,3266.0,0.277,0.16,0.518,0.245,0.227,0.28,0.082,0.809,0.064,0.365,0.493,-0.7802402063578271,-1.1828066808315223,0.057415593383934135,-0.8871485156802517,-0.907062408250481,-0.7523764729740532,-1.4484442816944767,1.0716184013494034,-1.516897624994941,-0.4393154538155987,0.07828445453581129
2023.0,J. Agudelo,Birmingham Legion,ST,3300.0,0.482,0.174,0.656,0.316,0.167,0.099,0.316,0.156,0.546,0.365,0.567,-0.0685073840306237,-1.1344795437188964,0.5374109478528261,-0.6424518456598091,-1.1122166033609173,-1.374274596542057,-0.6368090790755596,-1.1875157910030116,0.15220548270986292,-0.4393154538155987,0.3298827014695813
2023.0,N. Brett,Birmingham Legion,ST,1962.0,0.294,0.865,0.454,0.606,0.801,0.631,0.862,0.014,0.309,0.638,0.411,-0.7212184601160591,1.2508098666257181,-0.16519094781903024,0.35701342625467447,1.0555793916393579,0.45362486057494866,1.2570063937019136,-1.6787823381914386,-0.6684945930703001,0.5017846019438494,-0.20051360287728548
2022.0,R. Parkes,Miami,ST,1298.0,0.709,0.741,0.674,0.73,0.695,0.904,0.748,0.468,0.652,0.745,0.493,0.7196065216682795,0.8227695093424588,0.6000190375661598,0.7843709907974191,0.6931403136109204,1.391625897779728,0.8615943719132103,-0.10811323661717165,0.5192696516241974,0.870640667754329,0.07828445453581129
2022.0,C. Repetto,Miami,ST,937.0,0.096,0.291,0.383,0.362,0.301,0.156,0.422,0.174,0.177,0.667,0.652,-1.408648210461358,-0.7306027549919502,-0.4121450794660689,-0.4839159749423393,-0.65403890094761,-1.1784282261366636,-0.26914526934220406,-1.125242566711521,-1.1255933694541884,0.601754937537344,0.6188806878124258
2022.0,K. Murphy,Miami,ST,2345.0,0.082,0.72,0.021,0.805,0.606,0.652,0.621,0.06,0.387,0.131,0.0,-1.457254354425167,0.7502788036735196,-1.671263328145336,1.0428533887063376,0.38882825753044026,0.5257787865137779,0.4210915055345673,-1.5196396538909624,-0.3983907706616389,-1.2459726444665542,-1.5979038662526848
2024.0,T. Trager,Monterey Bay FC,ST,1375.0,0.848,0.933,0.738,0.961,0.865,0.869,0.915,0.22,0.965,0.55,0.493,1.2021960938803835,1.4855416754584736,0.822625578769124,1.5804967763568871,1.2744105330904896,1.271369354548346,1.4408382985685915,-0.9660998824110446,1.6031478107769017,0.19842634221186628,0.07828445453581129
2024.0,M. Gonzalez,Monterey Bay FC,ST,920.0,0.461,0.113,0.574,0.326,0.121,0.624,0.06,0.745,0.713,0.461,0.089,-0.1414165999763371,-1.3450477839953385,0.2521963169365277,-0.6079875259386199,-1.2695014862789182,0.42957355192867225,-1.5247518648466825,0.8502024927574361,0.7305046922258425,-0.1083791704716169,-1.2953059746701774
2024.0,A. Dixon,Monterey Bay FC,ST,2086.0,0.397,0.135,0.801,0.227,0.149,0.309,0.046,0.759,0.557,0.383,0.855,-0.3636161152394641,-1.2691051399612119,1.0417538927657923,-0.9491842911783921,-1.173762861894048,-0.6527353371537654,-1.5733112359435408,0.8986372227619289,0.1902970474085203,-0.37726490068860213,1.3090758787253358
2025.0,P. Wilson,Oakland Roots,ST,2454.0,0.426,0.975,0.181,0.812,0.954,0.411,0.858,0.312,0.677,0.191,0.248,-0.26293195988585977,1.6305230867963514,-1.114746975137925,1.0669784125111699,1.5787225891709697,-0.3022734111651666,1.2431322876742397,-0.6478145138100917,0.6058413895756913,-1.0391374673765656,-0.7547097413935631
2025.0,J. Sinisterra,Oakland Roots,ST,1092.0,0.238,0.128,0.429,0.035,0.082,0.064,0.422,0.298,0.103,0.55,0.652,-0.9156430359712951,-1.293268708517525,-0.2521466279764383,-1.6108992298252225,-1.4028517131007017,-1.494531139773439,-0.26914526934220406,-0.6962492438145845,-1.3818457137906106,0.19842634221186628,0.6188806878124258
2024.0,M. Dieng,Hartford Athletic,ST,2054.0,0.479,0.957,0.277,0.979,0.929,0.745,0.876,0.188,0.876,0.043,0.248,-0.07892298630858278,1.568388196222975,-0.7808371633334785,1.6425325518550276,1.4932416745416215,0.8453176013857355,1.305565764798772,-1.076807836707028,1.2949524236695833,-1.5493309041985375,-0.7547097413935631
2022.0,M. Foster,Sacramento Republic,ST,1210.0,0.975,0.95,0.823,0.918,0.957,0.855,0.787,0.777,0.926,0.777,0.805,1.643123256980651,1.544224627666662,1.118274891304311,1.4323002015557742,1.5889802989264914,1.223266737255793,0.99686690568303,0.9609104470534198,1.4680958995725715,0.9809527622023231,1.1390770632295453
2022.0,R. López,Sacramento Republic,ST,2241.0,0.915,0.319,0.993,0.16,0.326,0.585,0.355,0.879,0.046,0.975,0.993,1.4348112114214697,-0.633948480766698,1.7095735163746852,-1.1800952333103587,-0.5685579863182615,0.2955734037565608,-0.5015365453057402,1.3137920513718673,-1.5792292763200169,1.6635088465992853,1.778272609493718
2022.0,D. Martìnez,Sacramento Republic,ST,1946.0,0.603,0.277,0.844,0.099,0.167,0.071,0.762,0.259,0.557,0.894,0.652,0.35158857451372566,-0.7789298921045761,1.1913176626365336,-1.3903275836096125,-1.1122166033609173,-1.4704798311271625,0.9101537430100687,-0.8311745631128145,0.1902970474085203,1.3842813575278008,0.6188806878124258
2022.0,L. Archimède,Sacramento Republic,ST,1285.0,0.496,0.628,0.482,0.904,0.362,0.918,0.422,0.837,0.911,0.592,0.248,-0.019901240066814645,0.43270047407626283,-0.06780058604273344,1.3840501539461094,-0.4454654692519999,1.4397285150722807,-0.26914526934220406,1.1684878613583887,1.416152856801675,0.343210966174858,-0.7547097413935631
2023.0,J. Rivas,Miami,ST,1779.0,0.355,0.66,0.511,0.202,0.571,0.677,0.865,0.773,0.259,0.241,0.567,-0.5094345471308912,0.5431625017622653,0.033068002939859883,-1.0353450904813646,0.26915497704935243,0.6116763173933365,1.267411973222669,0.9470719527664218,-0.8416380689732881,-0.8667748198015751,0.3298827014695813
2023.0,M. Salazar,Miami,ST,1791.0,0.259,0.142,0.394,0.152,0.121,0.099,0.525,0.418,0.163,0.365,0.567,-0.8427338200255815,-1.2449415714048988,-0.3738845801968093,-1.20766668908731,-1.2695014862789182,-1.374274596542057,0.08811296087039631,-0.2810944152046461,-1.1740735427070248,-0.4393154538155987,0.3298827014695813
2023.0,K. Murphy,Miami,ST,1948.0,0.121,0.429,0.06,0.528,0.259,0.443,0.574,0.613,0.316,0.191,0.248,-1.321851524811699,-0.2542352605960647,-1.5356124670997797,0.0881917324293997,-0.7976468375249152,-0.19232457163933156,0.2580707597094001,0.3935321812865038,-0.6442545064438818,-1.0391374673765656,-0.7547097413935631
2023.0,C. Repetto,Miami,ST,1053.0,0.113,0.394,0.131,0.351,0.103,0.167,0.961,0.011,0.177,0.043,0.0,-1.3496264642195899,-0.37505310337762976,-1.288658335452741,-0.5218267266356473,-1.3310477448120492,-1.140633312549658,1.6003905178868398,-1.6891612089066872,-1.1255933694541884,-1.5493309041985375,-1.5979038662526848
2022.0,Santi Moar,Phoenix Rising,ST,2438.0,0.95,0.099,0.989,0.27,0.06,0.862,0.099,0.94,0.741,0.993,0.89,1.556326571330992,-1.3933749211079647,1.6956606075495,-0.8009877163772788,-1.4780749179745283,1.2473180459020694,-1.389479331076863,1.5248290892485858,0.8274650387315158,1.725559399726282,1.4280750495723893
2022.0,JJ Williams,Phoenix Rising,ST,2318.0,0.691,0.83,0.553,0.752,0.876,0.929,0.504,0.539,0.663,0.695,0.745,0.6571129080005251,1.129992023844153,0.17915354560430538,0.8601924941840352,1.3120221355274029,1.4775234286592867,0.01527390422510882,0.13752003697704193,0.5573612163228547,0.6982780201793384,0.9350784846345963
2022.0,G. Hurst,Phoenix Rising,ST,2109.0,0.376,0.401,0.773,0.468,0.479,0.365,0.34,0.862,0.5,0.922,0.78,-0.43652533118517767,-0.35088953482131674,0.9443635309894953,-0.11859418589773482,-0.04541478878664951,-0.46032486798355426,-0.5535644429095168,1.254978450652126,-0.007086515120886155,1.4808044401697955,1.05407765548165
2025.0,S. Blanco,Miami,ST,1490.0,0.681,0.057,0.982,0.028,0.05,0.337,0.22,0.954,0.032,0.986,0.926,0.6223942337406618,-1.5383563324458427,1.6713130171054256,-1.6350242536300548,-1.5122672838262676,-0.5565301025686598,-0.9697876237397306,1.5732638192530788,-1.6277094495728532,1.7014286290657832,1.5504741967293587
2025.0,F. Bonfiglio,Miami,ST,2772.0,0.365,0.823,0.156,0.77,0.812,0.798,0.617,0.486,0.472,0.33,0.17,-0.4747158728710276,1.10582845528784,-1.201702655295333,0.9222282696821756,1.0931909940762712,1.0274203668503998,0.4072173995068935,-0.04584001232568103,-0.1040468616265595,-0.559969307118092,-1.0199078935669965
2023.0,R. Cicerone,Sacramento Republic,ST,3185.0,0.982,0.897,0.816,0.738,0.887,0.642,0.95,0.706,0.514,0.89,0.652,1.6674263289625555,1.3612718943117206,1.0939273008602368,0.8119424465743704,1.3496337379643162,0.4914197741619544,1.5622367263107368,0.7152771734592059,0.04139365813195051,1.3704923457218015,0.6188806878124258
2023.0,Z. Lewis,Sacramento Republic,ST,1111.0,0.773,0.255,0.95,0.284,0.447,0.596,0.124,0.567,0.284,0.926,0.947,0.9418060369314067,-0.8548725361387028,1.5600097465039433,-0.7527376687676143,-0.15483035951221533,0.3333683173435666,-1.3027661684039018,0.23438949698602726,-0.7550663310217942,1.4945934519757949,1.6218736992375906
2023.0,L. Archimède,Sacramento Republic,ST,867.0,0.574,0.936,0.149,0.702,0.968,0.872,0.809,0.234,0.915,0.28,0.043,0.2509044191601212,1.4958974905540363,-1.2260502457394074,0.6878708955780897,1.6265919013634047,1.281677058253893,1.073174488835236,-0.9176651524065517,1.430004334873914,-0.7323319546930824,-1.4517048849263048
2023.0,S. Herrera,Sacramento Republic,ST,1437.0,0.316,0.411,0.472,0.372,0.149,0.489,0.78,0.543,0.461,0.667,0.652,-0.6448373767443591,-0.3163701511694411,-0.10258285810569664,-0.44945165522115016,-1.173762861894048,-0.0342731148209439,0.9725872201346009,0.1513585312640399,-0.1421384263252167,0.601754937537344,0.6188806878124258
2022.0,A. Martínez,Hartford Athletic,ST,1197.0,0.918,0.954,0.688,0.727,0.957,0.546,0.762,0.904,0.574,0.131,0.17,1.4452268136994288,1.5580323811274124,0.648714218454308,0.7740316948810625,1.5889802989264914,0.16157325558444974,0.9101537430100687,1.4002826406656046,0.24916582921553587,-1.2459726444665542,-1.0199078935669965
2022.0,R. Dally,Hartford Athletic,ST,1116.0,0.635,0.582,0.755,0.801,0.447,0.348,0.809,0.184,0.482,0.805,0.78,0.4626883321452892,0.27391130927763424,0.8817554412761615,1.029067660817862,-0.15483035951221533,-0.5187351889816542,1.073174488835236,-1.090646330994026,-0.06941816644596188,1.0774758448443178,1.05407765548165
2022.0,J. Obregón,Hartford Athletic,ST,1299.0,0.117,0.635,0.028,0.887,0.695,0.78,0.149,0.479,0.408,0.018,0.089,-1.3357389945156446,0.4568640426325759,-1.6469157377012618,1.325460810420088,0.6931403136109204,0.9655741446171177,-1.2160530057309407,-0.07005737732792745,-0.32567051078238407,-1.6355122279860328,-1.2953059746701774
2022.0,M. Iloski,Orange County SC,ST,2772.0,0.933,0.943,0.667,0.656,0.996,0.989,0.706,0.894,0.316,0.489,0.567,1.4973048250892242,1.520061059110349,0.5756714471220856,0.5293350248606201,1.7223305257482748,1.6836775027702269,0.7159162586226354,1.3656864049481097,-0.6442545064438818,-0.01185608782962232,0.3298827014695813
2022.0,E. Torres,Orange County SC,ST,2235.0,0.348,0.606,0.404,0.638,0.546,0.706,0.475,0.344,0.589,0.461,0.348,-0.5337376191127957,0.3567578300421361,-0.3391023081338461,0.46729924936247963,0.18367406242000436,0.7113174532136242,-0.08531336447552629,-0.5371065595141082,0.3011088719864323,-0.1083791704716169,-0.41471211040198175
2022.0,S. Okoli,Orange County SC,ST,1617.0,0.17,0.372,0.071,0.312,0.415,0.411,0.532,0.401,0.163,0.078,0.248,-1.1517300209383674,-0.4509957474117565,-1.49735196783052,-0.6562375735482847,-0.26424593023778137,-0.3022734111651666,0.11239264641882547,-0.3399080159243873,-1.1740735427070248,-1.428677050896044,-0.7547097413935631
2025.0,J. Rodriguez,Las Vegas Lights,ST,2720.0,0.128,0.436,0.064,0.238,0.479,0.443,0.738,0.691,0.145,0.06,0.089,-1.2975484528297945,-0.23007169203975167,-1.5216995582745945,-0.911273539485084,-0.04541478878664951,-0.19232457163933156,0.8269091068440259,0.6633828198829637,-1.2364051940321006,-1.4907276040230408,-1.2953059746701774
2025.0,N. Pickering,Las Vegas Lights,ST,896.0,0.032,0.387,0.004,0.305,0.571,0.475,0.294,0.206,0.046,0.06,0.0,-1.6308477257244849,-0.39921667193394283,-1.7303931906523735,-0.6803625973531171,0.26915497704935243,-0.08237573211349672,-0.7131166622277656,-1.0145346124155374,-1.5792292763200169,-1.4907276040230408,-1.5979038662526848
2025.0,S. Stojanovic,Las Vegas Lights,ST,1307.0,0.007,0.167,0.103,0.181,0.167,0.167,0.34,0.106,0.121,0.28,0.089,-1.7176444113741438,-1.1586431122752092,-1.386048697229038,-1.1077201618958619,-1.1122166033609173,-1.140633312549658,-0.5535644429095168,-1.360496969590486,-1.3195140624655348,-0.7323319546930824,-1.2953059746701774
2024.0,J. Agudelo,San Antonio,ST,2396.0,0.34,0.376,0.433,0.539,0.479,0.309,0.078,0.131,0.844,0.33,0.348,-0.5615125585206865,-0.43718799395100616,-0.238233719151253,0.12610248412270775,-0.04541478878664951,-0.6527353371537654,-1.4623183877221504,-1.2740063802967487,1.184140599091671,-0.559969307118092,-0.41471211040198175
2024.0,L. Solignac,San Antonio,ST,1453.0,0.255,0.468,0.138,0.348,0.461,0.309,0.394,0.518,0.152,0.216,0.17,-0.856621289729527,-0.11960966435374916,-1.2643107450086668,-0.5321660225520041,-0.1069610473197802,-0.6527353371537654,-0.36626401153592053,0.06486794197030264,-1.2121651074056823,-0.9529561435890704,-1.0199078935669965
2024.0,K. Lacey,San Antonio,ST,949.0,0.135,0.064,0.351,0.103,0.0,0.465,0.422,0.617,0.5,0.433,0.411,-1.27324538084789,-1.5141927638895296,-0.5234483500675511,-1.3765418557211369,-1.6832291130849644,-0.11673474446531998,-0.26914526934220406,0.40737067557350176,-0.007086515120886155,-0.20490225311361165,-0.20051360287728548
2024.0,J. LaCava,San Antonio,ST,1285.0,0.106,0.043,0.241,0.092,0.06,0.128,0.025,0.755,0.117,0.433,0.089,-1.3739295362014945,-1.5866834695584688,-0.906053342760146,-1.4144526074144448,-1.4780749179745283,-1.274633460721769,-1.6461502925888283,0.884798728474931,-1.333365540537774,-0.20490225311361165,-1.2953059746701774
2024.0,M. Chol,San Antonio,ST,1303.0,0.067,0.103,0.085,0.043,0.167,0.057,0.138,0.418,0.113,0.113,0.0,-1.5093323658149624,-1.3795671676472143,-1.4486567869423717,-1.5833277740482712,-1.1122166033609173,-1.5185824484197155,-1.2542067973070434,-0.2810944152046461,-1.347217018610013,-1.3080231975935508,-1.5979038662526848
2022.0,C. Jennings,Las Vegas Lights,ST,2285.0,0.745,0.621,0.5,0.55,0.73,0.713,0.294,0.66,0.309,0.461,0.567,0.8445937490037886,0.40853690551994976,-0.005192496329399649,0.16401323581601576,0.8128135940920083,0.7353687618599005,-0.7131166622277656,0.5561344891587299,-0.6684945930703001,-0.1083791704716169,0.3298827014695813
2022.0,D. Iskenderian,Las Vegas Lights,ST,1305.0,0.284,0.032,0.099,0.074,0.06,0.273,0.018,0.592,0.046,0.0,0.567,-0.7559371343759227,-1.624654791575532,-1.3999616060542233,-1.476488382912585,-1.4780749179745283,-0.7764277816203295,-1.6704299781372574,0.3208800862797645,-1.5792292763200169,-1.6975627811130294,0.3298827014695813
2022.0,C. Torres,Las Vegas Lights,ST,908.0,0.078,0.145,0.007,0.025,0.131,0.046,0.979,0.557,0.028,0.078,0.043,-1.4711418241291123,-1.234585756309336,-1.7199585090334846,-1.6453635495464116,-1.2353091204271789,-1.5563773620067212,1.6628239950113721,0.19979326126853275,-1.6415609276450924,-1.428677050896044,-1.4517048849263048
2022.0,A. Hoppenot,Detroit City,ST,2733.0,0.986,0.298,1.0,0.337,0.415,0.213,0.167,0.848,0.947,1.0,0.996,1.681313798666501,-0.7064391864356371,1.7339211068187594,-0.5700767742453119,-0.26424593023778137,-0.9825818557312701,-1.1536195286064086,1.206543720647633,1.540816159451826,1.7496901703867807,1.7884725384234657
2022.0,P. Botello Faz,Detroit City,ST,2296.0,0.713,0.599,0.691,0.546,0.606,0.142,0.592,0.383,0.848,0.504,0.493,0.733493991372225,0.33259426148582305,0.6591489000731969,0.15022750792754014,0.38882825753044026,-1.2265308434292166,0.3205042368339322,-0.4021812402158781,1.1979920771639099,0.03985270644287487,0.07828445453581129
2022.0,F. Atuahene,Detroit City,ST,858.0,0.415,0.422,0.152,0.851,0.362,0.996,0.121,0.248,0.979,0.06,0.0,-0.3011225015717097,-0.2783988291523778,-1.2156155641205182,1.2013892594238071,-0.4454654692519999,1.7077288114165032,-1.3131717479246572,-0.8692304224020588,1.6516279840297383,-1.4907276040230408,-1.5979038662526848
2023.0,T. Bagley,Las Vegas Lights,ST,2525.0,0.103,0.163,0.238,0.128,0.206,0.156,0.355,0.642,0.043,0.191,0.567,-1.3843451384794536,-1.1724508657359596,-0.9164880243790351,-1.290381056418164,-0.9788663765391337,-1.1784282261366636,-0.5015365453057402,0.493861264867239,-1.5896178848741962,-1.0391374673765656,0.3298827014695813
2023.0,P. Botello Faz,Las Vegas Lights,ST,1294.0,0.064,0.521,0.113,0.876,0.387,0.489,0.23,0.035,0.61,0.131,0.089,-1.5197479680929216,0.06334306900119231,-1.3512664251660749,1.2875500587267799,-0.35998455462265144,-0.0342731148209439,-0.9351023586705461,-1.6061302431846993,0.3738291318656873,-1.2459726444665542,-1.2953059746701774
2023.0,J. Dolling,Las Vegas Lights,ST,1280.0,0.021,0.014,0.777,0.06,0.0,0.021,0.422,0.0,0.209,0.957,0.78,-1.6690382674103348,-1.6867896821489086,0.9582764398146806,-1.5247384305222498,-1.6832291130849644,-1.6422748928862796,-0.26914526934220406,-1.7272170681959316,-1.0147815448762763,1.6014582934722885,1.05407765548165
2024.0,R. Serrano,Louisville City,ST,2750.0,0.947,0.426,0.996,0.521,0.479,0.606,0.355,0.95,0.241,0.979,0.996,1.5459109690530328,-0.26459107569162743,1.7200081979935742,0.06406670862456733,-0.04541478878664951,0.36772732969539007,-0.5015365453057402,1.5594253249660808,-0.9039697202983638,1.6772978584052844,1.7884725384234657
2024.0,W. Harris,Louisville City,ST,2653.0,0.801,0.961,0.514,0.947,0.95,0.947,0.794,0.465,0.908,0.638,0.348,1.0390183248590248,1.5821959496837252,0.043502684558748846,1.5322467287472223,1.565045642830274,1.5393696508925685,1.0211465912314592,-0.11849210733242012,1.4057642482474957,0.5017846019438494,-0.41471211040198175
2024.0,P. Goodrum,Louisville City,ST,2156.0,0.777,0.617,0.741,0.482,0.755,0.752,0.447,0.766,0.727,0.745,0.652,0.9556935066353521,0.39472915205919945,0.833060260388013,-0.07034413828807025,0.8982945087213567,0.869368910032012,-0.18243210666924276,0.9228545877641754,0.7789848654786791,0.870640667754329,0.6188806878124258
2024.0,S. Gleadle,Louisville City,ST,1035.0,0.734,0.638,0.67,0.837,0.479,0.475,0.809,0.44,0.869,0.592,0.567,0.8064032073179386,0.4672198577281386,0.5861061287409746,1.1531392118141424,-0.04541478878664951,-0.08237573211349672,1.073174488835236,-0.20498269662615737,1.270712337043165,0.343210966174858,0.3298827014695813
2025.0,L. Ivanovic,Monterey Bay FC,ST,1599.0,0.422,0.486,0.521,0.574,0.415,0.695,0.691,0.592,0.457,0.433,0.652,-0.2768194295898052,-0.05747477378037293,0.0678502750028231,0.24672760314686928,-0.26424593023778137,0.6735225396266183,0.6638883610188586,0.3208800862797645,-0.15598990439745575,-0.20490225311361165,0.6188806878124258
2025.0,I. Paul,Monterey Bay FC,ST,1459.0,0.401,0.223,0.709,0.28,0.301,0.113,0.028,0.677,0.961,0.638,0.805,-0.3497286455355186,-0.9653345638247053,0.7217569897865307,-0.7665233966560897,-0.65403890094761,-1.3261719792495044,-1.635744713068073,0.6149480898784712,1.5892963327046628,0.5017846019438494,1.1390770632295453
2025.0,A. Søjberg,Monterey Bay FC,ST,1529.0,0.387,0.45,0.677,0.333,0.447,0.436,0.72,0.993,0.039,0.844,0.652,-0.39833478949932766,-0.18174455492712557,0.6104537191850489,-0.5838625021337875,-0.15483035951221533,-0.21637588028560797,0.7644756297194937,1.7081891385513088,-1.6034693629464352,1.2119187099528101,0.6188806878124258
2022.0,M. Arteaga,Indy Eleven,ST,1560.0,0.805,0.67,0.84,0.635,0.546,0.933,0.879,0.316,0.684,0.787,0.78,1.0529057945629703,0.5776818854141411,1.1774047538113483,0.4569599534461229,0.18367406242000436,1.491267033600016,1.3159713443195271,-0.6339760195230937,0.6300814762021097,1.0154252917173212,1.05407765548165
2025.0,E. Goldthorp,FC Tulsa,ST,1107.0,0.762,0.227,0.876,0.17,0.213,0.642,0.468,0.823,0.415,0.872,0.982,0.9036154952455567,-0.951526810363955,1.302620933238016,-1.1456309135891696,-0.9549317204429162,0.4914197741619544,-0.10959305002395527,1.120053131353896,-0.30143042415596577,1.3084417925948049,1.7408728700846443
2025.0,T. Calheira,FC Tulsa,ST,3008.0,0.649,0.805,0.596,0.894,0.652,0.801,0.418,0.326,0.702,0.745,0.805,0.5112944761090983,1.0436935647144638,0.3287173154750468,1.3495858342249203,0.5461131404484414,1.0377280705559468,-0.28301937536987787,-0.5993797838055989,0.6924131275271851,0.870640667754329,1.1390770632295453
2022.0,Stéfano Pinho,Indy Eleven,ST,2267.0,0.642,0.887,0.418,0.844,0.887,0.496,0.73,0.106,0.677,0.241,0.348,0.48699140412719377,1.326752510659845,-0.2904071272456978,1.1772642356189749,1.3496337379643162,-0.010221806174667485,0.7991608947886782,-1.360496969590486,0.6058413895756913,-0.8667748198015751,-0.41471211040198175
2022.0,J. Tejada,Indy Eleven,ST,1430.0,0.33,0.124,0.443,0.064,0.149,0.124,0.28,0.514,0.376,0.504,0.411,-0.5962312327805501,-1.307076461978275,-0.20345144708828977,-1.5109527026337741,-1.173762861894048,-1.2883770656624987,-0.7616760333246236,0.05102944768330469,-0.4364823353602963,0.03985270644287487,-0.20051360287728548
2023.0,S. Simonsen,Detroit City,ST,1386.0,0.738,0.333,0.897,0.663,0.301,0.582,0.216,0.252,0.645,0.982,0.855,0.8202906770218841,-0.5856213436540719,1.3756637045702387,0.5534600486654524,-0.65403890094761,0.28526570005101376,-0.9836617297674044,-0.8553919281150609,0.495029564997779,1.6876396172597838,1.3090758787253358
2023.0,D. Suárez,Detroit City,ST,1538.0,0.291,0.379,0.191,0.525,0.259,0.567,0.553,0.716,0.234,0.011,0.0,-0.7316340623940182,-0.42683217885544344,-1.079964703074962,0.07785243651304298,-0.7976468375249152,0.2337271815232786,0.18523170306411296,0.7498734091767009,-0.9282098069247822,-1.6596429986465313,-1.5979038662526848
2023.0,B. Morris,Detroit City,ST,2769.0,0.216,0.241,0.39,0.174,0.326,0.177,0.33,0.05,0.333,0.383,0.348,-0.9920241193429951,-0.9031996732513289,-0.3877974890219946,-1.1318451857006941,-0.5685579863182615,-1.1062743001978346,-0.5882497079787012,-1.5542358896084572,-0.5853857246368659,-0.37726490068860213,-0.41471211040198175
2023.0,Y. Matthews,Detroit City,ST,1081.0,0.092,0.046,0.298,0.266,0.082,0.713,0.004,0.23,0.358,0.039,0.567,-1.4225356801653035,-1.5763276544629061,-0.7077943920012559,-0.8147734442657545,-1.4028517131007017,0.7353687618599005,-1.7189893492341157,-0.9315036466935497,-0.498813986685372,-1.5631199160045368,0.3298827014695813
2024.0,O. Anderson,North Carolina FC,ST,2270.0,0.84,0.869,0.635,0.911,0.887,0.957,0.525,0.865,0.968,0.613,0.652,1.1744211544724925,1.2646176200864685,0.46436817652060336,1.408175177750942,1.3496337379643162,1.5737286632443919,0.08811296087039631,1.2653573213673746,1.613536419331081,0.4156032781563541,0.6188806878124258
2024.0,E. Conway,North Carolina FC,ST,2421.0,0.645,0.826,0.291,0.833,0.801,0.73,0.592,0.603,0.613,0.216,0.17,0.49740700640515284,1.1161842703834026,-0.7321419824453302,1.1393534839256667,1.0555793916393579,0.7937790828580004,0.3205042368339322,0.3589359455690089,0.3842177404198666,-0.9529561435890704,-1.0199078935669965
2023.0,W. Martínez,Monterey Bay FC,ST,1850.0,0.326,0.011,0.599,0.014,0.0,0.011,0.117,0.844,0.007,0.72,0.567,-0.6101187024844955,-1.6971454972444713,0.3391519970939358,-1.6832743012397196,-1.6832291130849644,-1.6766339052381032,-1.3270458539523309,1.1927052263606353,-1.7142811875243473,0.7844593439668337,0.3298827014695813
2024.0,L. Perez,North Carolina FC,ST,2687.0,0.319,0.028,0.809,0.032,0.035,0.326,0.032,0.929,0.025,0.798,0.911,-0.6344217744664,-1.6384625450362824,1.0695797104161628,-1.6212385257415791,-1.5635558326038768,-0.5943250161556655,-1.6218706070403992,1.486773229959342,-1.6519495361992718,1.053345074183819,1.4994745520806214
2023.0,C. Volesky,Monterey Bay FC,ST,2092.0,0.234,0.571,0.496,0.426,0.606,0.298,0.408,0.103,0.316,0.411,0.567,-0.9295305056752406,0.23593998726057086,-0.019105405154584934,-0.26334432872672914,0.38882825753044026,-0.6905302507407711,-0.3177046404390624,-1.3708758403057344,-0.6442545064438818,-0.2807418180466075,0.3298827014695813
2023.0,S. Okoli,Monterey Bay FC,ST,1185.0,0.152,0.284,0.177,0.319,0.415,0.578,0.174,0.096,0.294,0.33,0.17,-1.214223634606122,-0.7547663235482632,-1.1286598839631103,-0.6321125497434523,-0.26424593023778137,0.2715220951102844,-1.1293398430579795,-1.395093205307981,-0.7204376358411966,-0.559969307118092,-1.0199078935669965
2024.0,J. Rodriguez,Oakland Roots,ST,2634.0,0.323,0.642,0.27,0.723,0.681,0.762,0.259,0.408,0.663,0.28,0.17,-0.6205343047624546,0.4810276111888889,-0.8051847537775527,0.7602459669925868,0.6452710014184856,0.9037279223838355,-0.8345150899699112,-0.31569065092214105,0.5573612163228547,-0.7323319546930824,-1.0199078935669965
2024.0,M. Chéry,Oakland Roots,ST,1287.0,0.039,0.138,0.032,0.248,0.167,0.546,0.064,0.149,0.177,0.018,0.043,-1.6065446537425805,-1.2587493248656492,-1.6330028288760765,-0.8768092197638949,-1.1122166033609173,0.16157325558444974,-1.5108777588190088,-1.211733156005258,-1.1255933694541884,-1.6355122279860328,-1.4517048849263048
2025.0,R. Cicerone,Sacramento Republic,ST,2025.0,0.794,0.539,0.908,0.461,0.518,0.291,0.511,0.72,0.709,0.94,0.855,1.0147152528771204,0.12547795957456873,1.4139242038394984,-0.1427192097025672,0.08793543803513408,-0.7145815593870476,0.039553589773537984,0.7637119034636989,0.7166532141536034,1.5428549932967919,1.3090758787253358
2025.0,D. Wanner,Sacramento Republic,ST,1088.0,0.667,0.418,0.762,0.33,0.461,0.241,0.738,0.518,0.436,0.72,0.652,0.5737880897768528,-0.2922065826131281,0.9061030317202358,-0.5942017980501443,-0.1069610473197802,-0.8863766211461646,0.8269091068440259,0.06486794197030264,-0.22871016427671076,0.7844593439668337,0.6188806878124258
2025.0,L. Jamieson,Sacramento Republic,ST,928.0,0.344,0.543,0.66,0.532,0.546,0.606,0.645,0.44,0.443,0.06,0.652,-0.5476250888167412,0.13928571303531903,0.5513238566780113,0.10197746031787536,0.18367406242000436,0.36772732969539007,0.5043361417006101,-0.20498269662615737,-0.2044700776502924,-1.4907276040230408,0.6188806878124258
2025.0,S. Herrera,Sacramento Republic,ST,1561.0,0.248,0.603,0.227,0.929,0.546,0.309,0.174,0.27,0.344,0.33,0.493,-0.8809243617114315,0.34640201494657336,-0.9547485236482945,1.4702109532490824,0.18367406242000436,-0.6527353371537654,-1.1293398430579795,-0.7931187038235701,-0.5472941599382087,-0.559969307118092,0.07828445453581129
2024.0,T. Amang,Orange County SC,ST,1182.0,0.429,0.833,0.043,0.496,0.865,0.511,0.809,0.507,0.397,0.131,0.0,-0.2525163576079007,1.1403478389397157,-1.594742329606817,-0.022094090678405474,1.2744105330904896,0.041316712353067685,1.073174488835236,0.02681208268105826,-0.3637620754810413,-1.2459726444665542,-1.5979038662526848
2024.0,E. Zubak,Orange County SC,ST,2683.0,0.156,0.688,0.11,0.684,0.681,0.252,0.546,0.025,0.277,0.174,0.089,-1.2003361649021764,0.6398167759875172,-1.3617011067849638,0.6258351200799496,0.6452710014184856,-0.8485817075591588,0.1609520175156838,-1.6407264789021943,-0.7793064176482124,-1.0977407675520625,-1.2953059746701774
2022.0,J. Adebayo-Smith,New York RB II,ST,2657.0,0.656,0.301,0.55,0.177,0.326,0.216,0.518,0.738,0.528,0.766,0.567,0.5355975480910028,-0.6960833713400744,0.1687188639854164,-1.1215058897843375,-0.5685579863182615,-0.972274152025723,0.06383327532196714,0.8259851277551896,0.08987383138478719,0.9430329797358251,0.3298827014695813
2022.0,Z. Ryan,New York RB II,ST,1027.0,0.018,0.096,0.294,0.223,0.103,0.252,0.174,0.043,0.301,0.383,0.348,-1.679453869688294,-1.4037307362035274,-0.7217073008264413,-0.9629700190668677,-1.3310477448120492,-0.8485817075591588,-1.1293398430579795,-1.5784532546107037,-0.6961975492147783,-0.37726490068860213,-0.41471211040198175
2023.0,M. McNulty,Orange County SC,ST,1151.0,0.5,0.532,0.883,0.759,0.415,0.674,0.621,0.567,0.713,0.957,0.652,-0.006013770362869199,0.10131439101825568,1.3269685236820903,0.8843175179888676,-0.26424593023778137,0.6013686136877895,0.4210915055345673,0.23438949698602726,0.7305046922258425,1.6014582934722885,0.6188806878124258
2023.0,T. Amang,Orange County SC,ST,1609.0,0.454,0.794,0.082,0.365,0.77,0.532,0.89,0.305,0.316,0.312,0.17,-0.16571967195824164,1.0057222426974004,-1.4590914685612606,-0.47357667902598255,0.9495830574989658,0.11347063829189692,1.35412513589563,-0.6720318788123382,-0.6442545064438818,-0.6220198602450886,-1.0199078935669965
2023.0,L. Blackstock,Pittsburgh Riverhounds,ST,1207.0,0.862,0.025,0.933,0.011,0.0,0.032,0.986,0.996,0.057,0.894,0.926,1.2508022378441925,-1.6488183601318451,1.5008798839969062,-1.6936135971560762,-1.6832291130849644,-1.604479979299274,1.6871036805598012,1.7185680092665572,-1.5411377116213594,1.3842813575278008,1.5504741967293587
2023.0,T. Showunmi,Pittsburgh Riverhounds,ST,1175.0,0.823,0.677,0.865,0.897,0.606,0.39,0.489,0.167,0.819,0.911,0.855,1.1153994082307244,0.6018454539704542,1.2643604339687564,1.3599251301412771,0.38882825753044026,-0.3744273371039956,-0.036753993378667964,-1.149459931713767,1.0975688611401768,1.4428846577032977,1.3090758787253358
2024.0,J. Etou,Pittsburgh Riverhounds,ST,2615.0,0.791,0.053,0.805,0.039,0.06,0.039,0.092,0.989,0.248,0.667,0.745,1.0042996505991613,-1.552164085906593,1.0556668015909776,-1.5971135019367468,-1.4780749179745283,-1.5804286706529977,-1.413759016625292,1.6943506442643108,-0.8797296336719455,0.601754937537344,0.9350784846345963
2023.0,J. Etou,Pittsburgh Riverhounds,ST,2179.0,0.72,0.035,0.621,0.021,0.039,0.014,0.681,1.0,0.082,0.638,0.745,0.7577970633541296,-1.6142989764799693,0.41567299563245486,-1.6591492774348873,-1.549878886263181,-1.6663262015325562,0.6292030959496745,1.7324065035535552,-1.4545659736698655,0.5017846019438494,0.9350784846345963
2023.0,A. Dikwa,Pittsburgh Riverhounds,ST,2551.0,0.695,0.965,0.34,0.883,0.979,0.773,0.585,0.44,0.787,0.191,0.248,0.6710003777044705,1.5960037031444756,-0.5617088493368104,1.3116750825316124,1.664203503800318,0.9415228359708412,0.29622455128550307,-0.20498269662615737,0.9867570365622649,-1.0391374673765656,-0.7547097413935631
2025.0,P. Goodrum,Louisville City,ST,1938.0,0.674,0.94,0.45,0.926,0.957,0.94,0.674,0.489,0.95,0.216,0.567,0.5980911617587573,1.5097052440147862,-0.17910385664421552,1.4598716573327255,1.5889802989264914,1.515318342246292,0.6049234104012453,-0.03546114161043256,1.5512047680060053,-0.9529561435890704,0.3298827014695813
2025.0,R. Serrano,Louisville City,ST,2221.0,0.67,0.33,0.957,0.184,0.447,0.206,0.56,0.947,0.284,0.844,0.968,0.5842036920548119,-0.5959771587496346,1.5843573369480177,-1.097380865979505,-0.15483035951221533,-1.0066331643775466,0.20951138861254215,1.5490464542508322,-0.7550663310217942,1.2119187099528101,1.6932732017458227
2024.0,E. Kizza,Pittsburgh Riverhounds,ST,2746.0,0.532,0.773,0.447,0.652,0.713,0.27,0.798,0.372,0.592,0.55,0.248,0.10508598726869436,0.9332315370284613,-0.1895385382631045,0.5155492969721445,0.7546865721440513,-0.7867354853258766,1.035020697259133,-0.44023709950512246,0.3114974805406116,0.19842634221186628,-0.7547097413935631
2023.0,E. Kizza,Pittsburgh Riverhounds,ST,1677.0,0.266,0.408,0.202,0.397,0.362,0.106,0.879,0.348,0.177,0.28,0.089,-0.818430748043677,-0.3267259662650039,-1.0417042038057025,-0.3632908559181774,-0.4454654692519999,-1.3502232878957807,1.3159713443195271,-0.5232680652271102,-1.1255933694541884,-0.7323319546930824,-1.2953059746701774
2024.0,K. Sterling,Pittsburgh Riverhounds,ST,1220.0,0.245,0.415,0.174,0.649,0.387,0.234,0.34,0.415,0.174,0.312,0.248,-0.8913399639893906,-0.3025623977086908,-1.1390945655819995,0.5052100010557877,-0.35998455462265144,-0.9104279297924408,-0.5535644429095168,-0.29147328591989463,-1.1359819780083678,-0.6220198602450886,-0.7547097413935631
2024.0,E. Johnson,Pittsburgh Riverhounds,ST,1009.0,0.124,0.22,0.16,0.518,0.259,0.362,0.046,0.301,0.564,0.043,0.348,-1.31143592253374,-0.975690378920268,-1.1877897464701477,0.05372741270821059,-0.7976468375249152,-0.4706325716891013,-1.5733112359435408,-0.6858703730993361,0.21453713403493824,-1.5493309041985375,-0.41471211040198175
2024.0,A. Bibout,FC Tulsa,ST,1093.0,0.11,0.472,0.167,0.582,0.652,0.762,0.131,0.16,0.238,0.16,0.248,-1.360042066497549,-0.10580191089299903,-1.1634421560260735,0.27429905892382056,0.5461131404484414,0.9037279223838355,-1.2784864828554727,-1.1736772967160136,-0.9143583288525431,-1.1460023088730595,-0.7547097413935631
2024.0,S. Stojanovic,FC Tulsa,ST,2560.0,0.043,0.252,0.209,0.44,0.167,0.305,0.376,0.018,0.39,0.28,0.248,-1.592657184038635,-0.8652283512342656,-1.0173566133616283,-0.21509428111706436,-1.1122166033609173,-0.6664789420944948,-0.42869748866045265,-1.6649438439044408,-0.38800216210745964,-0.7323319546930824,-0.7547097413935631
2024.0,E. Collier,Indy Eleven,ST,914.0,0.929,0.78,0.858,0.433,0.904,0.348,0.379,0.358,0.922,0.812,0.89,1.4834173553852787,0.9573951055847744,1.2400128435246822,-0.23921930492189675,1.407760759912273,-0.5187351889816542,-0.4182919091396973,-0.48867182950961535,1.4542444215003323,1.1016066155048165,1.4280750495723893
2023.0,D. Martìnez,Indy Eleven,ST,2395.0,0.638,0.259,0.819,0.358,0.206,0.064,0.784,0.404,0.429,0.72,0.567,0.47310393442324833,-0.8410647826779525,1.1043619824791258,-0.49770170283081494,-0.9788663765391337,-1.494531139773439,0.9864613261622747,-0.3295291452091388,-0.25295025090312906,0.7844593439668337,0.3298827014695813
2024.0,D. Martìnez,Indy Eleven,ST,2086.0,0.418,0.202,0.837,0.106,0.227,0.032,0.152,0.188,0.429,0.894,0.887,-0.29070689929375065,-1.0378252694936443,1.1669700721924594,-1.36620255980478,-0.907062408250481,-1.604479979299274,-1.2056474262101853,-1.076807836707028,-0.25295025090312906,1.3842813575278008,1.4178751206426419
2024.0,A. Williams,Indy Eleven,ST,2544.0,0.227,0.674,0.124,0.773,0.631,0.848,0.571,0.138,0.567,0.113,0.089,-0.9538335776571452,0.5914896388748915,-1.3130059258968152,0.9325675655985324,0.47430917215978874,1.1992154286095167,0.24766518018864472,-1.2497890152945024,0.22492574258911754,-1.3080231975935508,-1.2953059746701774
2024.0,R. Williams,Indy Eleven,ST,1987.0,0.195,0.248,0.606,0.436,0.167,0.695,0.248,0.067,0.585,0.535,0.652,-1.0649333352887085,-0.8790361046950158,0.36349958753801004,-0.22888000900554,-1.1122166033609173,0.6735225396266183,-0.8726688815460142,-1.4954222888887159,0.28725739391419325,0.1467175479393691,0.6188806878124258
2023.0,S. Guenzatti,Indy Eleven,ST,3217.0,0.184,0.567,0.259,0.422,0.606,0.128,0.759,0.277,0.461,0.312,0.248,-1.1031238769745584,0.22213223379982056,-0.8434452530468123,-0.2771300566152048,0.38882825753044026,-1.274633460721769,0.8997481634893133,-0.7689013388213236,-0.1421384263252167,-0.6220198602450886,-0.7547097413935631
2025.0,K. Edwards,Hartford Athletic,ST,1282.0,0.858,0.986,0.493,0.986,0.975,0.933,0.791,0.55,0.801,0.812,0.567,1.236914768140247,1.6684944088134148,-0.029540086773473896,1.6666575756598598,1.6505265574596224,1.491267033600016,1.0107410117107039,0.17557589626628634,1.0352372098151015,1.1016066155048165,0.3298827014695813
2025.0,E. Samadia,Hartford Athletic,ST,2269.0,0.475,0.0,0.89,0.0,0.0,0.0,0.0,0.918,0.004,0.706,0.986,-0.09281045601252824,-1.7351168192615345,1.3513161141261645,-1.7315243488493843,-1.6832291130849644,-1.714428818825109,-1.7328634552617894,1.4487173706700975,-1.7246697960785267,0.7361978026458363,1.7544727753243077
2025.0,M. Dieng,Hartford Athletic,ST,1649.0,0.312,0.745,0.128,0.89,0.518,0.539,0.67,0.585,0.248,0.411,0.17,-0.6587248464483045,0.8365772628032091,-1.29909301707163,1.3358001063364446,0.08793543803513408,0.13752194693817332,0.5910493043735715,0.2966627212775181,-0.8797296336719455,-0.2807418180466075,-1.0199078935669965
2025.0,A. Obalola,Hartford Athletic,ST,1022.0,0.177,0.234,0.145,0.053,0.259,0.021,0.316,0.624,0.085,0.191,0.043,-1.127426948956463,-0.927363241807642,-1.2399631545645926,-1.5488634543270823,-0.7976468375249152,-1.6422748928862796,-0.6368090790755596,0.4315880405757482,-1.4441773651156862,-1.0391374673765656,-1.4517048849263048
2023.0,T. Oluwaseyi,San Antonio,ST,2410.0,0.968,0.979,0.631,0.982,0.982,0.979,0.567,0.667,0.936,0.638,0.745,1.6188201849987465,1.6443308402571017,0.45045526769541805,1.6528718477713842,1.6744612135558399,1.6493184904184035,0.23379107416097092,0.5803518541609762,1.502724594753169,0.5017846019438494,0.9350784846345963
2023.0,J. Dhillon,San Antonio,ST,981.0,0.684,0.631,0.72,0.61,0.532,0.89,0.809,0.262,0.982,0.865,0.567,0.632809836018621,0.44305628917182555,0.7600174890557903,0.3707991541431501,0.13580475022756922,1.343523280487175,1.073174488835236,-0.820795692397566,1.6620165925839177,1.2843110219343061,0.3298827014695813
2023.0,I. Jome,San Antonio,ST,1377.0,0.677,0.004,0.879,0.004,0.0,0.007,0.014,0.986,0.011,0.996,0.855,0.6085067640367164,-1.7213090658007841,1.313055614856905,-1.7177386209609087,-1.6832291130849644,-1.6903775101788325,-1.6843040841649313,1.6839717735490625,-1.7004297094521084,1.7359011585807813,1.3090758787253358
2023.0,I. Bailone,San Antonio,ST,1374.0,0.351,0.489,0.305,0.457,0.652,0.465,0.22,0.578,0.809,0.241,0.089,-0.5233220168348367,-0.0471189586848102,-0.6834468015571817,-0.15650493759104286,0.5461131404484414,-0.11673474446531998,-0.9697876237397306,0.27244535627527167,1.0629401659595796,-0.8667748198015751,-1.2953059746701774
2023.0,S. Patiño,San Antonio,ST,1244.0,0.309,0.791,0.142,0.762,0.833,0.922,0.355,0.17,0.759,0.113,0.043,-0.6691404487262637,0.9953664276018378,-1.2503978361834815,0.8946568139052243,1.1649949623649234,1.4534721200130103,-0.5015365453057402,-1.1390810609985187,0.8897966900565915,-1.3080231975935508,-1.4517048849263048
2025.0,Rodrigo Da Costa,North Carolina FC,ST,930.0,0.599,0.195,0.869,0.124,0.301,0.326,0.174,0.901,0.085,0.883,0.968,0.3377011048097802,-1.0619888380499574,1.2782733427939417,-1.3041667843066396,-0.65403890094761,-0.5943250161556655,-1.1293398430579795,1.389903769950356,-1.4441773651156862,1.346361575061303,1.6932732017458227
2025.0,O. Anderson,North Carolina FC,ST,1389.0,0.546,0.784,0.422,0.968,0.77,0.876,0.259,0.44,0.858,0.695,0.411,0.15369213123250344,0.9712028590455247,-0.2764942184205125,1.6046218001617194,0.9495830574989658,1.2954206631946223,-0.8345150899699112,-0.20498269662615737,1.2326207723445075,0.6982780201793384,-0.20051360287728548
2025.0,E. Conway,North Carolina FC,ST,1601.0,0.358,0.855,0.245,0.667,0.918,0.621,0.511,0.472,0.691,0.312,0.043,-0.49901894485293213,1.2162904829738423,-0.8921404339349608,0.567245776553928,1.4556300721047082,0.41926584822312524,0.039553589773537984,-0.09427474233017388,0.6543215628285277,-0.6220198602450886,-1.4517048849263048
2025.0,J. Servania,North Carolina FC,ST,1491.0,0.05,0.191,0.117,0.007,0.142,0.004,0.943,0.975,0.0,0.089,0.043,-1.5683541120567306,-1.0757965915107077,-1.3373535163408896,-1.7073993250445518,-1.1976975179902658,-1.7006852138843795,1.5379570407623078,1.6459159142598179,-1.7385212741507658,-1.3907572684295464,-1.4517048849263048
2025.0,P. Burner,North Carolina FC,ST,1768.0,0.0,0.007,0.199,0.018,0.0,0.028,0.011,0.504,0.014,0.241,0.089,-1.7419474833560484,-1.7109532507052214,-1.0521388854245914,-1.669488573351244,-1.6832291130849644,-1.6182235842400032,-1.6947096636856864,0.01643321196580979,-1.690041100897929,-0.8667748198015751,-1.2953059746701774
2024.0,Luis Pedro,Miami,ST,923.0,0.528,0.525,0.379,0.117,0.546,0.177,0.968,0.365,0.018,0.241,0.855,0.09119851756474892,0.07715082246194263,-0.42605798829125413,-1.328291808111472,0.18367406242000436,-1.1062743001978346,1.6246702034352691,-0.46445446450736894,-1.67618962282569,-0.8667748198015751,1.3090758787253358
2024.0,A. Gavilanes,Miami,ST,2740.0,0.298,0.17,0.106,0.096,0.213,0.411,0.294,0.876,0.021,0.16,0.411,-0.7073309904121137,-1.1482872971796465,-1.375614015610149,-1.4006668795259691,-0.9549317204429162,-0.3022734111651666,-0.7131166622277656,1.303413180656619,-1.6658010142715107,-1.1460023088730595,-0.20051360287728548
2024.0,F. López,Miami,ST,1926.0,0.188,0.514,0.262,0.677,0.652,0.752,0.145,0.635,0.365,0.55,0.652,-1.089236407270613,0.039179500444879264,-0.8330105714279233,0.6017100962751172,0.5461131404484414,0.869368910032012,-1.2299271117586146,0.46964389986499255,-0.47457390005895367,0.19842634221186628,0.6188806878124258
2024.0,M. Lawrence,Miami,ST,1088.0,0.145,0.482,0.0,0.057,0.461,0.039,0.968,0.645,0.035,0.174,0.248,-1.2385267065880263,-0.07128252724112324,-1.7443060994775588,-1.5350777264386066,-0.1069610473197802,-1.5804286706529977,1.6246702034352691,0.5042401355824875,-1.6173208410186741,-1.0977407675520625,-0.7547097413935631
2022.0,C. Volesky,Monterey Bay FC,ST,1871.0,0.433,0.801,0.589,0.879,0.681,0.603,0.887,0.135,0.809,0.667,0.745,-0.23862888790395523,1.0298858112537135,0.30436972503097254,1.2978893546431367,0.6452710014184856,0.357419625989843,1.3437195563748747,-1.2601678860097507,1.0629401659595796,0.601754937537344,0.9350784846345963
2022.0,S. Adeniran,San Antonio,ST,1929.0,0.954,0.911,0.564,0.862,0.933,0.993,0.652,0.702,0.972,0.216,0.411,1.5702140410349374,1.4095990314243467,0.21741404487356453,1.239300011117115,1.5069186208823173,1.6974211077109562,0.5286158272490393,0.701438679172208,1.62738789740332,-0.9529561435890704,-0.20051360287728548
2022.0,E. Collier,San Antonio,ST,1355.0,0.752,0.528,0.557,0.564,0.518,0.706,0.667,0.699,0.752,0.411,0.248,0.8688968209856931,0.08750663755750536,0.19306645442949066,0.21226328342568015,0.08793543803513408,0.7113174532136242,0.5806437248528161,0.6910598084569596,0.8655566034301732,-0.2807418180466075,-0.7547097413935631
2022.0,S. Patiño,San Antonio,ST,1196.0,0.748,0.982,0.56,0.954,0.986,0.965,0.631,0.202,0.723,0.667,0.652,0.8550093512817477,1.6546866553526645,0.20350113604837963,1.5563717525520546,1.6881381598965357,1.6012158731258506,0.4557767706037518,-1.0283731067025352,0.7651333874064401,0.601754937537344,0.6188806878124258
2022.0,I. Bailone,San Antonio,ST,969.0,0.706,0.901,0.301,0.479,0.933,0.557,0.926,0.291,0.628,0.433,0.248,0.7091909193903205,1.375079647772471,-0.697359710382367,-0.08068343420442697,1.5069186208823173,0.19936816917145553,1.4789920901446945,-0.720466608816831,0.436160783190763,-0.20490225311361165,-0.7547097413935631
2022.0,J. Dhillon,San Antonio,ST,2386.0,0.55,0.287,0.787,0.259,0.301,0.379,0.411,0.195,0.592,0.872,0.911,0.16757960093644889,-0.7444105084527005,0.9930587118776438,-0.8388984680705869,-0.65403890094761,-0.41222225069100144,-0.30729906091830705,-1.0525904717047816,0.3114974805406116,1.3084417925948049,1.4994745520806214
2025.0,M. Foster,Indy Eleven,ST,1663.0,0.741,0.131,0.702,0.089,0.213,0.287,0.089,0.961,0.684,0.411,0.348,0.8307062792998432,-1.2829128934219622,0.6974093993424565,-1.4247919033308016,-0.9549317204429162,-0.7283251643277769,-1.4241645961460474,1.5974811842553251,0.6300814762021097,-0.2807418180466075,-0.41471211040198175
2025.0,E. Amoh,Indy Eleven,ST,1233.0,0.404,0.77,0.266,0.858,0.713,0.557,0.699,0.394,0.592,0.461,0.248,-0.3393130432575595,0.9228757219328986,-0.8190976626027381,1.2255142832286396,0.7546865721440513,0.19936816917145553,0.6916365730742062,-0.3641253809266337,0.3114974805406116,-0.1083791704716169,-0.7547097413935631
2025.0,R. Williams,Indy Eleven,ST,1339.0,0.23,0.55,0.397,0.447,0.791,0.496,0.131,0.092,0.365,0.241,0.745,-0.943417975379186,0.16344928159163208,-0.36344989857792037,-0.19096925731223197,1.0213870257876185,-0.010221806174667485,-1.2784864828554727,-1.4089316995949788,-0.47457390005895367,-0.8667748198015751,0.9350784846345963
2025.0,E. Kizza,Indy Eleven,ST,1217.0,0.028,0.337,0.323,0.489,0.387,0.188,0.238,0.053,0.5,0.131,0.0,-1.6447351954284304,-0.5718135901933216,-0.620838711843848,-0.04621911448323786,-0.35998455462265144,-1.0684793866108286,-0.9073541466151986,-1.5438570188932088,-0.007086515120886155,-1.2459726444665542,-1.5979038662526848
