season,player,team,position,minutes_played,overall_percentile,total_stdev,goal_threat_percentile,link_play_percentile,non_pkxg_p90,non_penalty_goals_p90,shots_per_90,shots_on_target_pct,offensive_duels_won_pct,touches_in_box_per_90,key_passes_per_90,xa_per_90
2022.0,T. Freeman,Loudoun United,ST,1309.0,0.996,17.09401911,0.862,0.943,0.699,0.887,0.954,0.645,0.819,0.553,0.72,0.926
2022.0,T. Etaka Preston,New Mexico United,ST,1356.0,0.993,16.49528307,0.34,0.833,0.628,0.326,0.911,0.174,0.972,0.848,0.787,0.855
2022.0,A. Hoppenot,Detroit City,ST,2733.0,0.986,14.46786494,0.298,1.0,0.337,0.415,0.213,0.167,0.848,0.947,1.0,0.996
2022.0,T. Amang,San Diego Loyal,ST,1974.0,0.979,13.23275613,0.929,0.684,0.993,0.911,0.972,0.521,0.812,1.0,0.535,0.17
2022.0,M. Foster,Sacramento Republic,ST,1210.0,0.975,12.57517576,0.95,0.823,0.918,0.957,0.855,0.787,0.777,0.926,0.777,0.805
2022.0,E. Martínez,Birmingham Legion,ST,3378.0,0.972,12.45098404,0.702,0.979,0.691,0.791,0.745,0.401,0.858,0.833,0.94,0.947
2022.0,P. Goodrum,Memphis 901,ST,2866.0,0.965,11.38695524,0.996,0.73,1.0,0.993,0.911,0.894,0.656,0.975,0.592,0.411
2022.0,J. LaCava,Tampa Bay Rowdies,ST,2460.0,0.961,11.20002484,0.812,0.862,0.674,0.851,0.812,0.656,0.784,0.926,0.638,0.855
2022.0,S. Adeniran,San Antonio,ST,1929.0,0.954,10.84122643,0.911,0.564,0.862,0.933,0.993,0.652,0.702,0.972,0.216,0.411
2022.0,Santi Moar,Phoenix Rising,ST,2438.0,0.95,10.76093226,0.099,0.989,0.27,0.06,0.862,0.099,0.94,0.741,0.993,0.89
2022.0,H. Barry,Colorado Springs,ST,2875.0,0.943,10.45701216,0.777,0.975,0.578,0.801,0.837,0.592,0.266,0.801,0.918,0.89
2022.0,T. Moshobane,San Diego Loyal,ST,2404.0,0.94,10.3803096,0.323,0.911,0.206,0.387,0.11,0.592,0.883,0.333,0.812,0.89
2022.0,Rodrigo Da Costa,FC Tulsa,ST,2683.0,0.936,10.02698132,0.553,0.986,0.493,0.571,0.596,0.674,0.553,0.45,0.989,0.989
2022.0,M. Iloski,Orange County SC,ST,2772.0,0.933,9.979679769,0.943,0.667,0.656,0.996,0.989,0.706,0.894,0.316,0.489,0.567
2022.0,A. Martínez,Hartford Athletic,ST,1197.0,0.918,9.366786253,0.954,0.688,0.727,0.957,0.546,0.762,0.904,0.574,0.131,0.17
2022.0,R. López,Sacramento Republic,ST,2241.0,0.915,9.337686416,0.319,0.993,0.16,0.326,0.585,0.355,0.879,0.046,0.975,0.993
2022.0,K. Vassell,San Diego Loyal,ST,2103.0,0.908,8.697011953,0.926,0.628,0.975,0.933,0.982,0.415,0.564,0.872,0.571,0.493
2022.0,M. Johnsen,Oakland Roots,ST,1425.0,0.89,7.609677174,0.106,0.929,0.216,0.05,0.348,0.394,0.099,0.259,0.95,0.805
2022.0,R. Ruiz,Rio Grande Valley,ST,2848.0,0.872,7.164290165,0.082,0.961,0.188,0.103,0.383,0.064,0.851,0.216,0.957,0.947
2022.0,S. Simonsen,Loudoun United,ST,1837.0,0.869,7.024594317,0.092,0.904,0.121,0.121,0.301,0.213,0.84,0.106,0.95,0.947
2022.0,M. Ramírez,FC Tulsa,ST,902.0,0.865,6.970517679,0.397,0.578,0.255,0.571,0.372,0.379,0.798,0.894,0.489,0.411
2022.0,J. Agudelo,Birmingham Legion,ST,2046.0,0.855,6.788150847,0.454,0.954,0.553,0.259,0.713,0.486,0.117,0.894,0.915,0.968
2022.0,P. Judd,LA Galaxy II,ST,2097.0,0.844,6.535071925,0.968,0.411,0.989,0.933,1.0,0.713,0.826,0.876,0.383,0.652
2022.0,T. Trager,Atlanta United II,ST,1574.0,0.837,6.451537721,0.908,0.713,0.504,0.865,0.152,0.996,0.77,0.638,0.787,0.89
2022.0,S. Guenzatti,Tampa Bay Rowdies,ST,2008.0,0.83,6.237218907,0.695,0.848,0.915,0.518,0.752,0.638,0.713,0.791,0.777,0.493
2022.0,L. Solignac,El Paso Locomotive,ST,2339.0,0.826,6.038541733,0.993,0.592,0.936,0.968,0.652,0.989,0.496,0.766,0.504,0.493
2022.0,W. Harris,Louisville City,ST,2448.0,0.819,5.809835116,0.918,0.539,0.94,0.918,0.961,0.77,0.223,0.84,0.461,0.348
2022.0,M. Salazar,LA Galaxy II,ST,1925.0,0.816,5.761104675,0.358,0.926,0.567,0.415,0.592,0.255,0.727,0.574,0.957,0.947
2022.0,J. Kiesewetter,New Mexico United,ST,1005.0,0.809,5.654152469,0.326,0.663,0.287,0.259,0.216,0.897,0.979,0.741,0.855,0.652
2022.0,M. Arteaga,Indy Eleven,ST,1560.0,0.805,5.614304581,0.67,0.84,0.635,0.546,0.933,0.879,0.316,0.684,0.787,0.78
2022.0,D. Borczak,Memphis 901,ST,1334.0,0.798,5.552914125,0.383,0.61,0.84,0.326,0.823,0.156,0.5,0.954,0.411,0.089
2022.0,J. Gómez,El Paso Locomotive,ST,2504.0,0.759,4.669687584,0.245,0.727,0.344,0.167,0.794,0.248,0.631,0.713,0.798,0.805
2022.0,E. Collier,San Antonio,ST,1355.0,0.752,4.623097084,0.528,0.557,0.564,0.518,0.706,0.667,0.699,0.752,0.411,0.248
2022.0,S. Patiño,San Antonio,ST,1196.0,0.748,4.580421944,0.982,0.56,0.954,0.986,0.965,0.631,0.202,0.723,0.667,0.652
2022.0,C. Jennings,Las Vegas Lights,ST,2285.0,0.745,4.410804018,0.621,0.5,0.55,0.73,0.713,0.294,0.66,0.309,0.461,0.567
2022.0,A. Apodaca,Charleston Battery,ST,1797.0,0.727,4.274797125,0.56,0.887,0.819,0.571,0.865,0.273,0.723,0.986,0.926,0.78
2022.0,P. Botello Faz,Detroit City,ST,2296.0,0.713,4.035890314,0.599,0.691,0.546,0.606,0.142,0.592,0.383,0.848,0.504,0.493
2022.0,R. Parkes,Miami,ST,1298.0,0.709,3.844862995,0.741,0.674,0.73,0.695,0.904,0.748,0.468,0.652,0.745,0.493
2022.0,I. Bailone,San Antonio,ST,969.0,0.706,3.737600859,0.901,0.301,0.479,0.933,0.557,0.926,0.291,0.628,0.433,0.248
2022.0,D. Formella,Oakland Roots,ST,2499.0,0.702,3.713702295,0.213,0.922,0.23,0.167,0.128,0.681,0.436,0.582,0.855,0.652
2022.0,A. Dikwa,Pittsburgh Riverhounds,ST,2636.0,0.699,3.564368962,0.844,0.585,0.848,0.755,0.511,0.908,0.323,0.833,0.411,0.411
2022.0,JJ Williams,Phoenix Rising,ST,2318.0,0.691,3.507010649,0.83,0.553,0.752,0.876,0.929,0.504,0.539,0.663,0.695,0.745
2022.0,D. Suárez,FC Tulsa,ST,2174.0,0.688,3.449172009,0.465,0.794,0.408,0.546,0.801,0.284,0.748,0.156,0.837,0.805
2022.0,J. Adebayo-Smith,New York RB II,ST,2657.0,0.656,2.489243899,0.301,0.55,0.177,0.326,0.216,0.518,0.738,0.528,0.766,0.567
2022.0,Stéfano Pinho,Indy Eleven,ST,2267.0,0.642,1.990150435,0.887,0.418,0.844,0.887,0.496,0.73,0.106,0.677,0.241,0.348
2022.0,R. Dally,Hartford Athletic,ST,1116.0,0.635,1.788726443,0.582,0.755,0.801,0.447,0.348,0.809,0.184,0.482,0.805,0.78
2022.0,S. Rivas,New Mexico United,ST,1569.0,0.624,1.68368157,0.188,0.699,0.071,0.131,0.078,0.965,0.922,0.074,0.571,0.493
2022.0,D. Kelly,Pittsburgh Riverhounds,ST,1104.0,0.621,1.670846495,0.947,0.23,0.996,0.947,0.858,0.316,0.273,0.957,0.16,0.043
2022.0,O. Karlsson,Oakland Roots,ST,2981.0,0.617,1.663753432,0.915,0.479,0.901,0.713,0.876,0.94,0.199,0.773,0.351,0.411
2022.0,Duba,Tampa Bay Rowdies,ST,1386.0,0.61,1.595000138,0.787,0.248,0.908,0.77,0.73,0.277,0.433,0.894,0.096,0.248
2022.0,D. Martìnez,Sacramento Republic,ST,1946.0,0.603,1.490882405,0.277,0.844,0.099,0.167,0.071,0.762,0.259,0.557,0.894,0.652
2022.0,F. López,Rio Grande Valley,ST,1505.0,0.571,0.7934284152,0.748,0.624,0.748,0.713,0.94,0.73,0.617,0.943,0.613,0.805
2022.0,J. Dhillon,San Antonio,ST,2386.0,0.55,0.6061669519,0.287,0.787,0.259,0.301,0.379,0.411,0.195,0.592,0.872,0.911
2022.0,A. Carleton,San Diego Loyal,ST,1022.0,0.543,0.5496191046,0.078,0.546,0.078,0.0,0.142,0.564,0.933,0.085,0.383,0.089
2022.0,E. Amoh,Colorado Springs,ST,2755.0,0.511,0.2462139971,0.738,0.234,0.603,0.812,0.681,0.482,0.287,0.39,0.096,0.089
2022.0,L. Archimède,Sacramento Republic,ST,1285.0,0.496,-0.08414654526,0.628,0.482,0.904,0.362,0.918,0.422,0.837,0.911,0.592,0.248
2022.0,J. Conway,Atlanta United II,ST,2121.0,0.472,-0.4468265032,0.883,0.252,0.865,0.876,0.968,0.869,0.738,0.546,0.174,0.17
2022.0,K. Greig,Tampa Bay Rowdies,ST,899.0,0.465,-0.6892527376,0.589,0.337,0.95,0.326,0.823,0.578,0.546,0.652,0.706,0.089
2022.0,C. Volesky,Monterey Bay FC,ST,1871.0,0.433,-0.9724523473,0.801,0.589,0.879,0.681,0.603,0.887,0.135,0.809,0.667,0.745
2022.0,F. Atuahene,Detroit City,ST,858.0,0.415,-1.349547958,0.422,0.152,0.851,0.362,0.996,0.121,0.248,0.979,0.06,0.0
2022.0,A. Williams,Charleston Battery,ST,2944.0,0.411,-1.361234216,0.816,0.468,0.872,0.833,0.89,0.33,0.128,0.617,0.706,0.248
2022.0,G. Hurst,Phoenix Rising,ST,2109.0,0.376,-2.134745188,0.401,0.773,0.468,0.479,0.365,0.34,0.862,0.5,0.922,0.78
2022.0,E. Torres,Orange County SC,ST,2235.0,0.348,-2.850896484,0.606,0.404,0.638,0.546,0.706,0.475,0.344,0.589,0.461,0.348
2022.0,J. Tejada,Indy Eleven,ST,1430.0,0.33,-3.180285649,0.124,0.443,0.064,0.149,0.124,0.28,0.514,0.376,0.504,0.411
2022.0,D. Iskenderian,Las Vegas Lights,ST,1305.0,0.284,-4.868097672,0.032,0.099,0.074,0.06,0.273,0.018,0.592,0.046,0.0,0.567
2022.0,N. Brett,New Mexico United,ST,1993.0,0.262,-5.348052292,0.578,0.535,0.709,0.631,0.691,0.387,0.397,0.67,0.613,0.411
2022.0,B. Brown,FC Tulsa,ST,1331.0,0.181,-6.455998129,0.344,0.44,0.787,0.326,0.926,0.085,0.372,0.936,0.241,0.248
2022.0,S. Okoli,Orange County SC,ST,1617.0,0.17,-6.566292364,0.372,0.071,0.312,0.415,0.411,0.532,0.401,0.163,0.078,0.248
2022.0,A. Liadi,Loudoun United,ST,1199.0,0.149,-6.795988569,0.021,0.284,0.11,0.0,0.096,0.096,0.493,0.11,0.667,0.411
2022.0,J. Obregón,Hartford Athletic,ST,1299.0,0.117,-7.21968967,0.635,0.028,0.887,0.695,0.78,0.149,0.479,0.408,0.018,0.089
2022.0,C. Repetto,Miami,ST,937.0,0.096,-8.077046781,0.291,0.383,0.362,0.301,0.156,0.422,0.174,0.177,0.667,0.652
2022.0,K. Murphy,Miami,ST,2345.0,0.082,-8.550581409,0.72,0.021,0.805,0.606,0.652,0.621,0.06,0.387,0.131,0.0
2022.0,C. Torres,Las Vegas Lights,ST,908.0,0.078,-8.565946263,0.145,0.007,0.025,0.131,0.046,0.979,0.557,0.028,0.078,0.043
2022.0,Z. Ryan,New York RB II,ST,1027.0,0.018,-11.28113777,0.096,0.294,0.223,0.103,0.252,0.174,0.043,0.301,0.383,0.348
2023.0,C. Jennings,Tampa Bay Rowdies,ST,2265.0,0.989,16.32149008,0.989,0.706,0.745,1.0,0.851,0.954,0.943,0.887,0.812,0.745
2023.0,R. Cicerone,Sacramento Republic,ST,3185.0,0.982,13.95179632,0.897,0.816,0.738,0.887,0.642,0.95,0.706,0.514,0.89,0.652
2023.0,T. Oluwaseyi,San Antonio,ST,2410.0,0.968,11.41735505,0.979,0.631,0.982,0.982,0.979,0.567,0.667,0.936,0.638,0.745
2023.0,Danny Trejo,Phoenix Rising,ST,3382.0,0.957,11.12682456,0.876,0.695,0.56,0.918,0.266,0.777,0.801,0.567,0.535,0.411
2023.0,T. Reid,Oakland Roots,ST,1044.0,0.922,9.631398255,0.27,0.901,0.454,0.227,0.777,0.259,0.872,0.592,0.894,0.493
2023.0,C. François,Rio Grande Valley,ST,2151.0,0.911,9.024168079,0.273,0.766,0.418,0.149,0.504,0.716,0.652,0.865,0.855,0.652
2023.0,T. Moshobane,San Diego Loyal,ST,2063.0,0.904,8.499427525,0.652,0.915,0.379,0.695,0.128,0.809,0.599,0.426,0.805,0.926
2023.0,P. Saydee,Hartford Athletic,ST,2800.0,0.897,8.282492544,0.496,0.748,0.262,0.546,0.408,0.773,0.957,0.333,0.777,0.805
2023.0,Rodrigo Da Costa,Memphis 901,ST,3211.0,0.894,7.633754317,0.709,0.94,0.507,0.73,0.39,0.72,0.805,0.365,0.883,0.926
2023.0,M. Foster,Colorado Springs,ST,2578.0,0.883,7.269234089,0.184,0.936,0.142,0.167,0.337,0.507,0.904,0.887,0.933,0.652
2023.0,L. Blackstock,Pittsburgh Riverhounds,ST,1207.0,0.862,6.89747263,0.025,0.933,0.011,0.0,0.032,0.986,0.996,0.057,0.894,0.926
2023.0,T. Showunmi,Pittsburgh Riverhounds,ST,1175.0,0.823,6.020670463,0.677,0.865,0.897,0.606,0.39,0.489,0.167,0.819,0.911,0.855
2023.0,M. Dyer,FC Tulsa,ST,2120.0,0.787,5.306753525,0.362,0.826,0.83,0.227,0.84,0.238,0.674,0.83,0.865,0.805
2023.0,E. Collier,San Diego Loyal,ST,1012.0,0.784,5.118734209,0.181,0.723,0.195,0.259,0.149,0.138,0.734,0.277,0.766,0.911
2023.0,Z. Lewis,Sacramento Republic,ST,1111.0,0.773,4.872473188,0.255,0.95,0.284,0.447,0.596,0.124,0.567,0.284,0.926,0.947
2023.0,D. Formella,Phoenix Rising,ST,2611.0,0.77,4.834655877,0.585,0.784,0.291,0.532,0.216,0.809,0.351,0.266,0.72,0.411
2023.0,S. Simonsen,Detroit City,ST,1386.0,0.738,4.356626228,0.333,0.897,0.663,0.301,0.582,0.216,0.252,0.645,0.982,0.855
2023.0,R. Damus,San Diego Loyal,ST,2148.0,0.73,4.330072277,0.972,0.188,0.965,0.911,0.738,0.943,0.535,0.798,0.28,0.17
2023.0,A. Hoppenot,Hartford Athletic,ST,2220.0,0.723,4.233686554,0.199,0.77,0.323,0.142,0.053,0.592,0.961,0.408,0.812,0.78
2023.0,J. Etou,Pittsburgh Riverhounds,ST,2179.0,0.72,4.171627648,0.035,0.621,0.021,0.039,0.014,0.681,1.0,0.082,0.638,0.745
2023.0,A. Dikwa,Pittsburgh Riverhounds,ST,2551.0,0.695,3.508211495,0.965,0.34,0.883,0.979,0.773,0.585,0.44,0.787,0.191,0.248
2023.0,J. Dhillon,San Antonio,ST,981.0,0.684,3.431142945,0.631,0.72,0.61,0.532,0.89,0.809,0.262,0.982,0.865,0.567
2023.0,I. Jome,San Antonio,ST,1377.0,0.677,3.350109715,0.004,0.879,0.004,0.0,0.007,0.014,0.986,0.011,0.996,0.855
2023.0,D. Martìnez,Indy Eleven,ST,2395.0,0.638,1.895610587,0.259,0.819,0.358,0.206,0.064,0.784,0.404,0.429,0.72,0.567
2023.0,W. Leggett,Loudoun United,ST,1265.0,0.613,1.601508071,0.447,0.078,0.383,0.362,0.606,0.904,0.887,0.823,0.113,0.17
2023.0,J. Tejada,Colorado Springs,ST,1818.0,0.592,1.306633836,0.535,0.376,0.34,0.571,0.277,0.872,0.794,0.298,0.241,0.348
2023.0,E. Conway,San Diego Loyal,ST,2539.0,0.578,0.895191785,0.706,0.348,0.645,0.77,0.39,0.45,0.475,0.348,0.28,0.17
2023.0,L. Archimède,Sacramento Republic,ST,867.0,0.574,0.852803142,0.936,0.149,0.702,0.968,0.872,0.809,0.234,0.915,0.28,0.043
2023.0,B. Avila,Charleston Battery,ST,1474.0,0.564,0.7651171355,0.149,0.319,0.156,0.259,0.259,0.032,0.869,0.27,0.351,0.652
2023.0,F. López,Rio Grande Valley,ST,1188.0,0.557,0.6633764084,0.624,0.638,0.394,0.755,0.443,0.578,0.532,0.894,0.844,0.745
2023.0,JJ Williams,Tampa Bay Rowdies,ST,2481.0,0.553,0.6144582342,0.819,0.365,0.791,0.862,0.649,0.461,0.227,0.461,0.571,0.567
2023.0,K. Edwards,Hartford Athletic,ST,1379.0,0.539,0.4785187504,0.713,0.213,0.66,0.479,0.585,0.72,0.574,0.617,0.383,0.493
2023.0,R. Williams,Colorado Springs,ST,2048.0,0.535,0.4542101096,0.922,0.486,0.869,0.851,0.713,0.855,0.06,0.628,0.504,0.348
2023.0,P. Goodrum,FC Tulsa,ST,2834.0,0.525,0.3076436843,0.511,0.461,0.465,0.301,0.681,0.592,0.688,0.752,0.461,0.348
2023.0,N. Pickering,Memphis 901,ST,1210.0,0.518,0.2566871186,0.493,0.504,0.5,0.571,0.372,0.316,0.177,0.45,0.312,0.411
2023.0,C. Pinzón,Rio Grande Valley,ST,1663.0,0.514,0.2519050066,0.11,0.872,0.163,0.131,0.443,0.053,0.528,0.128,0.812,0.805
2023.0,J. Rodriguez,Oakland Roots,ST,2072.0,0.507,0.09361041851,0.89,0.33,0.486,0.833,0.411,0.982,0.624,0.351,0.383,0.348
2023.0,M. McNulty,Orange County SC,ST,1151.0,0.5,-0.04277684855,0.532,0.883,0.759,0.415,0.674,0.621,0.567,0.713,0.957,0.652
2023.0,T. Williamson,Loudoun United,ST,2125.0,0.493,-0.1249947316,0.28,0.582,0.376,0.227,0.681,0.309,0.255,0.784,0.667,0.17
2023.0,L. Solignac,El Paso Locomotive,ST,1887.0,0.486,-0.2267767597,0.663,0.642,0.592,0.652,0.663,0.546,0.234,0.77,0.667,0.493
2023.0,J. Agudelo,Birmingham Legion,ST,3300.0,0.482,-0.2674511853,0.174,0.656,0.316,0.167,0.099,0.316,0.156,0.546,0.365,0.567
2023.0,W. Harris,Louisville City,ST,2061.0,0.468,-0.5524748445,0.592,0.507,0.429,0.77,0.652,0.387,0.408,0.791,0.695,0.348
2023.0,T. Amang,Orange County SC,ST,1609.0,0.454,-0.8000889144,0.794,0.082,0.365,0.77,0.532,0.89,0.305,0.316,0.312,0.17
2023.0,A. Peláez,Oakland Roots,ST,1450.0,0.443,-0.8053474985,0.872,0.309,0.957,0.833,0.887,0.557,0.284,0.826,0.216,0.411
2023.0,J. Gómez,El Paso Locomotive,ST,2546.0,0.436,-0.9534000926,0.177,0.092,0.309,0.259,0.216,0.074,0.78,0.195,0.113,0.17
2023.0,R. Zacarías,El Paso Locomotive,ST,1646.0,0.383,-1.94144694,0.156,0.752,0.085,0.213,0.078,0.234,0.241,0.138,0.933,0.567
2023.0,M. Arteaga,Phoenix Rising,ST,2999.0,0.369,-2.158882933,0.762,0.312,0.809,0.812,0.787,0.351,0.138,0.528,0.613,0.348
2023.0,J. Rivas,Miami,ST,1779.0,0.355,-2.551973631,0.66,0.511,0.202,0.571,0.677,0.865,0.773,0.259,0.241,0.567
2023.0,I. Bailone,San Antonio,ST,1374.0,0.351,-2.56564825,0.489,0.305,0.457,0.652,0.465,0.22,0.578,0.809,0.241,0.089
2023.0,D. Bruce,New Mexico United,ST,1165.0,0.337,-3.081449703,0.351,0.567,0.543,0.415,0.663,0.22,0.791,0.418,0.504,0.493
2023.0,W. Martínez,Monterey Bay FC,ST,1850.0,0.326,-3.431444273,0.011,0.599,0.014,0.0,0.011,0.117,0.844,0.007,0.72,0.567
2023.0,S. Herrera,Sacramento Republic,ST,1437.0,0.316,-4.184179177,0.411,0.472,0.372,0.149,0.489,0.78,0.543,0.461,0.667,0.652
2023.0,S. Patiño,San Antonio,ST,1244.0,0.309,-4.300168373,0.791,0.142,0.762,0.833,0.922,0.355,0.17,0.759,0.113,0.043
2023.0,N. Brett,Birmingham Legion,ST,1962.0,0.294,-4.530257675,0.865,0.454,0.606,0.801,0.631,0.862,0.014,0.309,0.638,0.411
2023.0,D. Suárez,Detroit City,ST,1538.0,0.291,-4.619582546,0.379,0.191,0.525,0.259,0.567,0.553,0.716,0.234,0.011,0.0
2023.0,Z. Ryan,Loudoun United,ST,2519.0,0.27,-5.142105744,0.546,0.408,0.401,0.461,0.443,0.805,0.085,0.209,0.535,0.17
2023.0,E. Kizza,Pittsburgh Riverhounds,ST,1677.0,0.266,-5.158756738,0.408,0.202,0.397,0.362,0.106,0.879,0.348,0.177,0.28,0.089
2023.0,M. Salazar,Miami,ST,1791.0,0.259,-5.457289748,0.142,0.394,0.152,0.121,0.099,0.525,0.418,0.163,0.365,0.567
2023.0,E. Amoh,Hartford Athletic,ST,2070.0,0.252,-5.493057551,0.312,0.096,0.72,0.227,0.801,0.113,0.333,0.734,0.096,0.0
2023.0,C. Volesky,Monterey Bay FC,ST,2092.0,0.234,-5.798548559,0.571,0.496,0.426,0.606,0.298,0.408,0.103,0.316,0.411,0.567
2023.0,B. Morris,Detroit City,ST,2769.0,0.216,-5.986668192,0.241,0.39,0.174,0.326,0.177,0.33,0.05,0.333,0.383,0.348
2023.0,G. Hurst,New Mexico United,ST,1745.0,0.191,-6.299547395,0.355,0.273,0.213,0.479,0.206,0.479,0.326,0.131,0.28,0.248
2023.0,S. Guenzatti,Indy Eleven,ST,3217.0,0.184,-6.386020123,0.567,0.259,0.422,0.606,0.128,0.759,0.277,0.461,0.312,0.248
2023.0,C. Lancaster,Louisville City,ST,1516.0,0.16,-6.652629206,0.809,0.22,0.599,0.876,0.986,0.461,0.089,0.5,0.191,0.248
2023.0,S. Okoli,Monterey Bay FC,ST,1185.0,0.152,-6.681405401,0.284,0.177,0.319,0.415,0.578,0.174,0.096,0.294,0.33,0.17
2023.0,K. Murphy,Miami,ST,1948.0,0.121,-7.212049125,0.429,0.06,0.528,0.259,0.443,0.574,0.613,0.316,0.191,0.248
2023.0,C. Repetto,Miami,ST,1053.0,0.113,-7.252712392,0.394,0.131,0.351,0.103,0.167,0.961,0.011,0.177,0.043,0.0
2023.0,T. Bagley,Las Vegas Lights,ST,2525.0,0.103,-7.598806671,0.163,0.238,0.128,0.206,0.156,0.355,0.642,0.043,0.191,0.567
2023.0,A. Williams,Charleston Battery,ST,3074.0,0.099,-7.712672959,0.73,0.05,0.613,0.631,0.525,0.656,0.032,0.17,0.089,0.248
2023.0,Y. Matthews,Detroit City,ST,1081.0,0.092,-8.116602679,0.046,0.298,0.266,0.082,0.713,0.004,0.23,0.358,0.039,0.567
2023.0,P. Botello Faz,Las Vegas Lights,ST,1294.0,0.064,-8.977680841,0.521,0.113,0.876,0.387,0.489,0.23,0.035,0.61,0.131,0.089
2023.0,E. Sonupé,El Paso Locomotive,ST,1233.0,0.053,-9.462062408,0.216,0.089,0.209,0.387,0.504,0.103,0.213,0.227,0.131,0.17
2023.0,J. Dolling,Las Vegas Lights,ST,1280.0,0.021,-11.21009435,0.014,0.777,0.06,0.0,0.021,0.422,0.0,0.209,0.957,0.78
2024.0,D. Rivera,Tampa Bay Rowdies,ST,1294.0,1.0,17.91746011,0.645,0.972,0.695,0.812,0.908,0.16,0.968,0.989,0.812,0.926
2024.0,R. Serrano,Louisville City,ST,2750.0,0.947,10.72919822,0.426,0.996,0.521,0.479,0.606,0.355,0.95,0.241,0.979,0.996
2024.0,E. Collier,Indy Eleven,ST,914.0,0.929,9.697260305,0.78,0.858,0.433,0.904,0.348,0.379,0.358,0.922,0.812,0.89
2024.0,R. Cicerone,Sacramento Republic,ST,1789.0,0.926,9.667356792,0.433,0.855,0.706,0.326,0.876,0.309,0.926,0.638,0.706,0.652
2024.0,N. Fuson,Rhode Island,ST,3070.0,0.901,8.367179882,0.316,0.947,0.149,0.479,0.156,0.287,0.762,0.436,0.94,0.805
2024.0,W. Leggett,Loudoun United,ST,1958.0,0.887,7.352309079,0.727,0.358,0.617,0.73,0.486,0.755,0.936,0.691,0.33,0.652
2024.0,C. Jennings,Tampa Bay Rowdies,ST,2932.0,0.879,7.166282292,0.879,0.617,0.943,0.904,0.975,0.539,0.83,0.996,0.365,0.567
2024.0,E. Azcona,Las Vegas Lights,ST,925.0,0.851,6.689522826,0.06,0.851,0.067,0.0,0.078,0.918,0.833,0.23,0.216,0.855
2024.0,T. Trager,Monterey Bay FC,ST,1375.0,0.848,6.594817776,0.933,0.738,0.961,0.865,0.869,0.915,0.22,0.965,0.55,0.493
2024.0,O. Anderson,North Carolina FC,ST,2270.0,0.84,6.523516464,0.869,0.635,0.911,0.887,0.957,0.525,0.865,0.968,0.613,0.652
2024.0,Marlon,Memphis 901,ST,2316.0,0.812,5.739094719,0.61,0.734,0.67,0.606,0.812,0.457,0.73,0.702,0.84,0.805
2024.0,W. Harris,Louisville City,ST,2653.0,0.801,5.587595127,0.961,0.514,0.947,0.95,0.947,0.794,0.465,0.908,0.638,0.348
2024.0,J. Etou,Pittsburgh Riverhounds,ST,2615.0,0.791,5.335232029,0.053,0.805,0.039,0.06,0.039,0.092,0.989,0.248,0.667,0.745
2024.0,P. Goodrum,Louisville City,ST,2156.0,0.777,4.889916441,0.617,0.741,0.482,0.755,0.752,0.447,0.766,0.727,0.745,0.652
2024.0,K. Phillips,Sacramento Republic,ST,1587.0,0.766,4.816891675,1.0,0.206,0.972,0.986,0.823,1.0,0.121,0.762,0.174,0.248
2024.0,T. Pasher,Birmingham Legion,ST,1974.0,0.755,4.639343799,0.294,0.918,0.234,0.259,0.411,0.691,0.44,0.096,0.613,0.911
2024.0,S. Gleadle,Louisville City,ST,1035.0,0.734,4.339304782,0.638,0.67,0.837,0.479,0.475,0.809,0.44,0.869,0.592,0.567
2024.0,V. Noël,Las Vegas Lights,ST,3502.0,0.716,4.140719418,0.39,0.791,0.199,0.479,0.241,0.752,0.684,0.142,0.504,0.567
2024.0,JJ Williams,Rhode Island,ST,2198.0,0.66,2.813052096,0.734,0.613,0.631,0.73,0.67,0.5,0.163,0.855,0.461,0.493
2024.0,D. Formella,Phoenix Rising,ST,1758.0,0.652,2.223732889,0.518,0.681,0.475,0.479,0.567,0.628,0.67,0.617,0.131,0.348
2024.0,E. Conway,North Carolina FC,ST,2421.0,0.645,2.01292841,0.826,0.291,0.833,0.801,0.73,0.592,0.603,0.613,0.216,0.17
2024.0,T. Amann,Sacramento Republic,ST,1898.0,0.631,1.768375884,0.851,0.465,0.798,0.833,0.78,0.801,0.525,0.489,0.433,0.567
2024.0,A. Moreno,El Paso Locomotive,ST,2340.0,0.628,1.739676276,0.457,0.645,0.415,0.301,0.309,0.933,0.752,0.645,0.504,0.745
2024.0,G. Hurst,New Mexico United,ST,2445.0,0.589,0.9713030821,0.848,0.532,0.766,0.652,0.606,0.929,0.28,0.543,0.191,0.493
2024.0,M. Arteaga,Tampa Bay Rowdies,ST,3110.0,0.585,0.9619824842,0.798,0.603,0.741,0.631,0.89,0.688,0.638,0.773,0.383,0.567
2024.0,B. Morris,Detroit City,ST,2890.0,0.567,0.7727629802,0.369,0.745,0.22,0.606,0.28,0.206,0.309,0.199,0.571,0.745
2024.0,E. Kizza,Pittsburgh Riverhounds,ST,2746.0,0.532,0.4375170323,0.773,0.447,0.652,0.713,0.27,0.798,0.372,0.592,0.55,0.248
2024.0,Luis Pedro,Miami,ST,923.0,0.528,0.3147974657,0.525,0.379,0.117,0.546,0.177,0.968,0.365,0.018,0.241,0.855
2024.0,A. Dikwa,Rhode Island,ST,2665.0,0.489,-0.1541562111,0.755,0.528,0.816,0.73,0.482,0.663,0.61,0.592,0.72,0.411
2024.0,M. Dieng,Hartford Athletic,ST,2054.0,0.479,-0.3689232887,0.957,0.277,0.979,0.929,0.745,0.876,0.188,0.876,0.043,0.248
2024.0,M. Gonzalez,Monterey Bay FC,ST,920.0,0.461,-0.7720860757,0.113,0.574,0.326,0.121,0.624,0.06,0.745,0.713,0.461,0.089
2024.0,M. Doyle,Rhode Island,ST,1322.0,0.457,-0.7823391019,0.443,0.372,0.755,0.167,0.241,0.936,0.709,0.773,0.018,0.248
2024.0,J. Pérez,Tampa Bay Rowdies,ST,1911.0,0.447,-0.8037095155,0.039,0.894,0.113,0.046,0.121,0.043,0.911,0.06,0.872,0.968
2024.0,D. Bruce,New Mexico United,ST,1478.0,0.44,-0.8293321917,0.507,0.649,0.688,0.571,0.532,0.174,0.426,0.862,0.759,0.411
2024.0,T. Amang,Orange County SC,ST,1182.0,0.429,-1.131686066,0.833,0.043,0.496,0.865,0.511,0.809,0.507,0.397,0.131,0.0
2024.0,D. Martìnez,Indy Eleven,ST,2086.0,0.418,-1.289415034,0.202,0.837,0.106,0.227,0.032,0.152,0.188,0.429,0.894,0.887
2024.0,MD Myers,Charleston Battery,ST,2760.0,0.408,-1.380781837,0.904,0.525,0.933,0.77,0.525,0.975,0.025,0.816,0.55,0.567
2024.0,A. Dixon,Monterey Bay FC,ST,2086.0,0.397,-1.54009621,0.135,0.801,0.227,0.149,0.309,0.046,0.759,0.557,0.383,0.855
2024.0,J. Tejada,Colorado Springs,ST,1739.0,0.394,-1.662432097,0.305,0.457,0.443,0.362,0.167,0.259,0.606,0.351,0.613,0.248
2024.0,T. Moshobane,El Paso Locomotive,ST,2254.0,0.379,-2.066419472,0.074,0.716,0.138,0.039,0.188,0.454,0.337,0.067,0.766,0.78
2024.0,E. Amoh,Detroit City,ST,1154.0,0.372,-2.136191769,0.475,0.362,0.794,0.415,0.546,0.355,0.021,0.67,0.33,0.493
2024.0,J. Agudelo,San Antonio,ST,2396.0,0.34,-2.94962286,0.376,0.433,0.539,0.479,0.309,0.078,0.131,0.844,0.33,0.348
2024.0,Stéfano Pinho,Birmingham Legion,ST,1824.0,0.333,-3.160501732,0.766,0.326,0.78,0.851,0.436,0.209,0.245,0.652,0.241,0.411
2024.0,J. Rodriguez,Oakland Roots,ST,2634.0,0.323,-3.438952865,0.642,0.27,0.723,0.681,0.762,0.259,0.408,0.663,0.28,0.17
2024.0,L. Perez,North Carolina FC,ST,2687.0,0.319,-3.761952986,0.028,0.809,0.032,0.035,0.326,0.032,0.929,0.025,0.798,0.911
2024.0,A. Gavilanes,Miami,ST,2740.0,0.298,-4.526061093,0.17,0.106,0.096,0.213,0.411,0.294,0.876,0.021,0.16,0.411
2024.0,C. Rutz,Detroit City,ST,1239.0,0.28,-4.926476172,0.557,0.163,0.823,0.387,0.326,0.809,0.355,0.216,0.018,0.043
2024.0,E. Martínez,Birmingham Legion,ST,3266.0,0.277,-4.939592194,0.16,0.518,0.245,0.227,0.28,0.082,0.809,0.064,0.365,0.493
2024.0,L. Solignac,San Antonio,ST,1453.0,0.255,-5.482976689,0.468,0.138,0.348,0.461,0.309,0.394,0.518,0.152,0.216,0.17
2024.0,K. Sterling,Pittsburgh Riverhounds,ST,1220.0,0.245,-5.564120382,0.415,0.174,0.649,0.387,0.234,0.34,0.415,0.174,0.312,0.248
2024.0,K. Bennett,Las Vegas Lights,ST,2458.0,0.241,-5.600000474,0.858,0.039,0.681,0.791,0.812,0.809,0.34,0.514,0.007,0.0
2024.0,A. Williams,Indy Eleven,ST,2544.0,0.227,-5.917180934,0.674,0.124,0.773,0.631,0.848,0.571,0.138,0.567,0.113,0.089
2024.0,Z. Ryan,Loudoun United,ST,2695.0,0.22,-5.979904782,0.667,0.415,0.826,0.571,0.557,0.589,0.113,0.422,0.489,0.17
2024.0,J. Conway,Charleston Battery,ST,1000.0,0.213,-6.076341125,0.684,0.121,0.784,0.713,0.787,0.468,0.124,0.255,0.043,0.17
2024.0,R. Damus,Colorado Springs,ST,2880.0,0.202,-6.176517267,0.681,0.053,0.642,0.387,0.695,0.809,0.145,0.443,0.096,0.043
2024.0,J. Dhillon,Colorado Springs,ST,2064.0,0.199,-6.20817055,0.404,0.255,0.585,0.227,0.567,0.613,0.082,0.635,0.174,0.493
2024.0,R. Williams,Indy Eleven,ST,1987.0,0.195,-6.295799848,0.248,0.606,0.436,0.167,0.695,0.248,0.067,0.585,0.535,0.652
2024.0,F. López,Miami,ST,1926.0,0.188,-6.347796233,0.514,0.262,0.677,0.652,0.752,0.145,0.635,0.365,0.55,0.652
2024.0,N. Pickering,Memphis 901,ST,1374.0,0.174,-6.539193867,0.309,0.223,0.411,0.326,0.631,0.404,0.387,0.472,0.241,0.043
2024.0,E. Zubak,Orange County SC,ST,2683.0,0.156,-6.678257558,0.688,0.11,0.684,0.681,0.252,0.546,0.025,0.277,0.174,0.089
2024.0,M. Lawrence,Miami,ST,1088.0,0.145,-6.840188998,0.482,0.0,0.057,0.461,0.039,0.968,0.645,0.035,0.174,0.248
2024.0,K. Lacey,San Antonio,ST,949.0,0.135,-6.902609485,0.064,0.351,0.103,0.0,0.465,0.422,0.617,0.5,0.433,0.411
2024.0,E. Johnson,Pittsburgh Riverhounds,ST,1009.0,0.124,-7.054695416,0.22,0.16,0.518,0.259,0.362,0.046,0.301,0.564,0.043,0.348
2024.0,A. Bibout,FC Tulsa,ST,1093.0,0.11,-7.45117517,0.472,0.167,0.582,0.652,0.762,0.131,0.16,0.238,0.16,0.248
2024.0,J. LaCava,San Antonio,ST,1285.0,0.106,-7.540320517,0.043,0.241,0.092,0.06,0.128,0.025,0.755,0.117,0.433,0.089
2024.0,T. Ángel,Phoenix Rising,ST,1378.0,0.074,-8.661314641,0.262,0.369,0.45,0.06,0.738,0.489,0.482,0.493,0.241,0.089
2024.0,M. Chol,San Antonio,ST,1303.0,0.067,-8.95966008,0.103,0.085,0.043,0.167,0.057,0.138,0.418,0.113,0.113,0.0
2024.0,R. Cabral,Phoenix Rising,ST,1408.0,0.046,-9.607292746,0.699,0.074,0.557,0.755,0.844,0.543,0.046,0.741,0.0,0.0
2024.0,S. Stojanovic,FC Tulsa,ST,2560.0,0.043,-9.824849628,0.252,0.209,0.44,0.167,0.305,0.376,0.018,0.39,0.28,0.248
2024.0,M. Chéry,Oakland Roots,ST,1287.0,0.039,-10.14350857,0.138,0.032,0.248,0.167,0.546,0.064,0.149,0.177,0.018,0.043
2024.0,J. Rivas,El Paso Locomotive,ST,1163.0,0.011,-12.10093113,0.152,0.401,0.167,0.082,0.184,0.294,0.39,0.131,0.131,0.493
2025.0,K. Edwards,Hartford Athletic,ST,1282.0,0.858,6.799643063,0.986,0.493,0.986,0.975,0.933,0.791,0.55,0.801,0.812,0.567
2025.0,C. Jennings,Charleston Battery,ST,2305.0,0.833,6.31601014,0.894,0.812,0.855,0.695,0.95,0.851,0.457,0.993,0.759,0.805
2025.0,R. Cicerone,Sacramento Republic,ST,2025.0,0.794,5.544407651,0.539,0.908,0.461,0.518,0.291,0.511,0.72,0.709,0.94,0.855
2025.0,A. Moreno,El Paso Locomotive,ST,2768.0,0.78,5.093207885,0.613,0.78,0.624,0.652,0.624,0.532,0.816,0.876,0.745,0.411
2025.0,E. Goldthorp,FC Tulsa,ST,1107.0,0.762,4.754966188,0.227,0.876,0.17,0.213,0.642,0.468,0.823,0.415,0.872,0.982
2025.0,M. Foster,Indy Eleven,ST,1663.0,0.741,4.38663255,0.131,0.702,0.089,0.213,0.287,0.089,0.961,0.684,0.411,0.348
2025.0,S. Blanco,Miami,ST,1490.0,0.681,3.356073521,0.057,0.982,0.028,0.05,0.337,0.22,0.954,0.032,0.986,0.926
2025.0,P. Goodrum,Louisville City,ST,1938.0,0.674,3.208391304,0.94,0.45,0.926,0.957,0.94,0.674,0.489,0.95,0.216,0.567
2025.0,R. Serrano,Louisville City,ST,2221.0,0.67,2.981266837,0.33,0.957,0.184,0.447,0.206,0.56,0.947,0.284,0.844,0.968
2025.0,D. Wanner,Sacramento Republic,ST,1088.0,0.667,2.972260825,0.418,0.762,0.33,0.461,0.241,0.738,0.518,0.436,0.72,0.652
2025.0,Braudílio Rodrigues,Lexington,ST,1068.0,0.663,2.897369522,0.067,0.798,0.355,0.082,0.348,0.021,0.982,0.528,0.571,0.567
2025.0,T. Calheira,FC Tulsa,ST,3008.0,0.649,2.133830374,0.805,0.596,0.894,0.652,0.801,0.418,0.326,0.702,0.745,0.805
2025.0,A. Diouf,Detroit City,ST,1585.0,0.606,1.557513096,0.461,0.135,0.298,0.681,0.823,0.372,0.915,0.245,0.078,0.17
2025.0,Rodrigo Da Costa,North Carolina FC,ST,930.0,0.599,1.446622674,0.195,0.869,0.124,0.301,0.326,0.174,0.901,0.085,0.883,0.968
2025.0,I. Sacko,Phoenix Rising,ST,2255.0,0.596,1.446571661,0.365,0.83,0.252,0.532,0.188,0.337,0.787,0.379,0.894,0.805
2025.0,JJ Williams,Rhode Island,ST,1791.0,0.582,0.9465215676,0.5,0.652,0.621,0.571,0.901,0.17,0.369,0.918,0.592,0.652
2025.0,N. Fuson,Rhode Island,ST,2720.0,0.56,0.7159420326,0.117,0.759,0.131,0.149,0.365,0.103,0.56,0.316,0.613,0.652
2025.0,O. Anderson,North Carolina FC,ST,1389.0,0.546,0.6004907468,0.784,0.422,0.968,0.77,0.876,0.259,0.44,0.858,0.695,0.411
2025.0,B. Avila,El Paso Locomotive,ST,2167.0,0.521,0.2800639878,0.209,0.426,0.369,0.227,0.401,0.163,0.582,0.691,0.571,0.493
2025.0,R. Avila,El Paso Locomotive,ST,2048.0,0.504,0.05863452656,0.238,0.436,0.404,0.259,0.401,0.174,0.511,0.73,0.592,0.493
2025.0,E. Samadia,Hartford Athletic,ST,2269.0,0.475,-0.4289098248,0.0,0.89,0.0,0.0,0.0,0.0,0.918,0.004,0.706,0.986
2025.0,F. Valot,Loudoun United,ST,3080.0,0.45,-0.8006508233,0.05,0.968,0.05,0.05,0.06,0.124,0.461,0.401,0.72,0.89
2025.0,P. Wilson,Oakland Roots,ST,2454.0,0.426,-1.142763496,0.975,0.181,0.812,0.954,0.411,0.858,0.312,0.677,0.191,0.248
2025.0,L. Ivanovic,Monterey Bay FC,ST,1599.0,0.422,-1.230334093,0.486,0.521,0.574,0.415,0.695,0.691,0.592,0.457,0.433,0.652
2025.0,E. Amoh,Indy Eleven,ST,1233.0,0.404,-1.41438667,0.77,0.266,0.858,0.713,0.557,0.699,0.394,0.592,0.461,0.248
2025.0,I. Paul,Monterey Bay FC,ST,1459.0,0.401,-1.452915247,0.223,0.709,0.28,0.301,0.113,0.028,0.677,0.961,0.638,0.805
2025.0,M. Arteaga,Tampa Bay Rowdies,ST,2281.0,0.39,-1.847136734,0.564,0.475,0.734,0.631,0.713,0.202,0.372,0.528,0.433,0.248
2025.0,A. Søjberg,Monterey Bay FC,ST,1529.0,0.387,-1.934009469,0.45,0.677,0.333,0.447,0.436,0.72,0.993,0.039,0.844,0.652
2025.0,F. Bonfiglio,Miami,ST,2772.0,0.365,-2.25735537,0.823,0.156,0.77,0.812,0.798,0.617,0.486,0.472,0.33,0.17
2025.0,R. Bidois,Loudoun United,ST,1230.0,0.362,-2.316597791,0.752,0.543,0.571,0.73,0.344,0.922,0.071,0.926,0.638,0.411
2025.0,E. Conway,North Carolina FC,ST,1601.0,0.358,-2.480088874,0.855,0.245,0.667,0.918,0.621,0.511,0.472,0.691,0.312,0.043
2025.0,L. Jamieson,Sacramento Republic,ST,928.0,0.344,-2.872040465,0.543,0.66,0.532,0.546,0.606,0.645,0.44,0.443,0.06,0.652
2025.0,M. Dieng,Hartford Athletic,ST,1649.0,0.312,-4.185213235,0.745,0.128,0.89,0.518,0.539,0.67,0.585,0.248,0.411,0.17
2025.0,A. Dikwa,Rhode Island,ST,1942.0,0.305,-4.385543917,0.504,0.344,0.535,0.415,0.188,0.901,0.649,0.734,0.638,0.411
2025.0,G. Hurst,New Mexico United,ST,1930.0,0.301,-4.463588417,0.574,0.333,0.511,0.73,0.411,0.238,0.89,0.206,0.55,0.248
2025.0,W. Pacius,Tampa Bay Rowdies,ST,2601.0,0.287,-4.770223713,0.723,0.195,0.294,0.887,0.465,0.422,0.149,0.124,0.351,0.248
2025.0,B. Jacquesson,Pittsburgh Riverhounds,ST,1015.0,0.273,-5.026476334,0.121,0.489,0.273,0.103,0.762,0.103,0.362,0.358,0.592,0.411
2025.0,S. Herrera,Sacramento Republic,ST,1561.0,0.248,-5.52900053,0.603,0.227,0.929,0.546,0.309,0.174,0.27,0.344,0.33,0.493
2025.0,J. Sinisterra,Oakland Roots,ST,1092.0,0.238,-5.675795672,0.128,0.429,0.035,0.082,0.064,0.422,0.298,0.103,0.55,0.652
2025.0,R. Williams,Indy Eleven,ST,1339.0,0.23,-5.83101634,0.55,0.397,0.447,0.791,0.496,0.131,0.092,0.365,0.241,0.745
2025.0,C. Rutz,Detroit City,ST,879.0,0.223,-5.955054174,0.479,0.17,0.082,0.326,0.018,0.993,0.681,0.074,0.504,0.089
2025.0,T. Trager,Orange County SC,ST,866.0,0.209,-6.118746704,0.266,0.355,0.387,0.362,0.411,0.174,0.585,0.496,0.504,0.089
2025.0,E. Zubak,Orange County SC,ST,2558.0,0.206,-6.164002175,0.656,0.216,0.589,0.461,0.188,0.631,0.181,0.16,0.365,0.248
2025.0,A. Obalola,Hartford Athletic,ST,1022.0,0.177,-6.494540226,0.234,0.145,0.053,0.259,0.021,0.316,0.624,0.085,0.191,0.043
2025.0,C. Burke,Lexington,ST,1274.0,0.163,-6.646382784,0.837,0.014,0.713,0.812,0.511,0.809,0.004,0.514,0.018,0.043
2025.0,Cory Burke,Lexington,ST,1274.0,0.163,-6.646382784,0.837,0.014,0.713,0.812,0.511,0.809,0.004,0.514,0.018,0.043
2025.0,Z. Ryan,Loudoun United,ST,1581.0,0.142,-6.861020105,0.596,0.387,0.514,0.532,0.259,0.911,0.057,0.479,0.433,0.348
2025.0,R. Cabral,Phoenix Rising,ST,1241.0,0.138,-6.898269804,0.759,0.28,0.922,0.387,0.638,0.706,0.294,0.401,0.461,0.089
2025.0,J. Rodriguez,Las Vegas Lights,ST,2720.0,0.128,-7.04221459,0.436,0.064,0.238,0.479,0.443,0.738,0.691,0.145,0.06,0.089
2025.0,R. Damus,Birmingham Legion,ST,2826.0,0.089,-8.296260075,0.649,0.035,0.596,0.631,0.291,0.638,0.216,0.305,0.216,0.17
2025.0,F. Ajago,Lexington,ST,1632.0,0.085,-8.511181973,0.716,0.025,0.777,0.652,0.23,0.699,0.663,0.482,0.011,0.089
2025.0,D. Smith,Detroit City,ST,2556.0,0.071,-8.711625638,0.691,0.287,0.277,0.695,0.092,0.957,0.206,0.273,0.433,0.348
2025.0,J. LaCava,San Antonio,ST,1123.0,0.06,-9.349714629,0.071,0.184,0.301,0.082,0.113,0.039,0.897,0.191,0.16,0.089
2025.0,A. Williams,Pittsburgh Riverhounds,ST,3037.0,0.057,-9.354429524,0.348,0.057,0.472,0.259,0.539,0.291,0.074,0.379,0.043,0.17
2025.0,J. Servania,North Carolina FC,ST,1491.0,0.05,-9.558864187,0.191,0.117,0.007,0.142,0.004,0.943,0.975,0.0,0.089,0.043
2025.0,D. Formella,Phoenix Rising,ST,1215.0,0.035,-10.14996011,0.018,0.571,0.046,0.06,0.078,0.007,0.319,0.199,0.489,0.652
2025.0,N. Pickering,Las Vegas Lights,ST,896.0,0.032,-10.58268046,0.387,0.004,0.305,0.571,0.475,0.294,0.206,0.046,0.06,0.0
2025.0,E. Kizza,Indy Eleven,ST,1217.0,0.028,-11.05655511,0.337,0.323,0.489,0.387,0.188,0.238,0.053,0.5,0.131,0.0
2025.0,J. Agudelo,San Antonio,ST,1106.0,0.025,-11.17732464,0.089,0.316,0.145,0.082,0.05,0.489,0.078,0.291,0.351,0.493
2025.0,J. Tejada,Colorado Springs,ST,2159.0,0.014,-11.74329464,0.206,0.011,0.135,0.227,0.071,0.422,0.429,0.096,0.096,0.0
2025.0,S. Stojanovic,Las Vegas Lights,ST,1307.0,0.007,-12.74586108,0.167,0.103,0.181,0.167,0.167,0.34,0.106,0.121,0.28,0.089
2025.0,P. Burner,North Carolina FC,ST,1768.0,0.0,-14.78424154,0.007,0.199,0.018,0.0,0.028,0.011,0.504,0.014,0.241,0.089
