season,player_900_plus_mins,team,possession,total_stdev,overall_rank,minutes_played,xg,penalties_taken,non_pkxg,non_pkxg_p90,non_penalty_goals_p90,shots_per_90,shots_on_target_pct,shooting_impact,goal_conversion_pct,goal_threat_stdev,goal_threat_rank,offensive_duels_per_90,offensive_duels_won_pct,offensive_duel_impact,touches_in_box_per_90,key_passes_per_90,passes_to_penalty_area_per_90,accurate_passes_to_penalty_area_pct,penalty_box_passes_impact,xa_per_90,link_play_stdev,link_play_rank
2024.0,E. Azcona,Las Vegas Lights,59.94,6.689522826,0.851,925.0,1.23,0.0,1.23,0.067,0.0,0.078,0.918,0.472,0.0,-5.385505013,0.06,0.993,0.833,0.972,0.23,0.216,0.582,0.894,0.787,0.855,3.65475622,0.851
2024.0,V. Noël,Las Vegas Lights,59.94,4.140719418,0.716,3502.0,6.94,0.0,6.94,0.199,0.479,0.241,0.752,0.504,0.571,-0.8095623714,0.39,0.117,0.684,0.34,0.142,0.504,0.748,0.848,0.883,0.567,2.539203876,0.791
2024.0,K. Bennett,Las Vegas Lights,59.94,-5.600000474,0.241,2458.0,12.19,4.0,9.23,0.681,0.791,0.812,0.809,0.897,0.855,3.537818644,0.858,0.248,0.34,0.259,0.514,0.007,0.021,0.546,0.078,0.0,-5.056590663,0.039
2025.0,C. Jennings,Charleston Battery,59.61,6.31601014,0.833,2305.0,16.82,9.0,10.16,0.855,0.695,0.95,0.851,0.965,0.862,4.291940265,0.894,0.227,0.457,0.291,0.993,0.759,0.511,0.457,0.504,0.805,3.003098519,0.812
2022.0,L. Solignac,El Paso Locomotive,59.23,6.038541733,0.826,2339.0,14.16,3.0,11.94,0.936,0.968,0.652,0.989,0.996,0.972,8.055798344,0.993,0.309,0.496,0.426,0.766,0.504,0.28,0.755,0.454,0.493,0.3578067869,0.592
2022.0,J. Gómez,El Paso Locomotive,59.23,4.669687584,0.759,2504.0,8.24,3.0,6.02,0.344,0.167,0.794,0.248,0.457,0.181,-2.416436133,0.245,0.979,0.631,0.869,0.713,0.798,0.468,0.16,0.27,0.805,1.721509069,0.727
2025.0,G. Hurst,New Mexico United,58.96,-4.463588417,0.301,1930.0,6.07,0.0,6.07,0.511,0.73,0.411,0.238,0.266,0.752,0.7454251804,0.574,0.018,0.89,0.358,0.206,0.55,0.394,0.546,0.447,0.248,-1.783985932,0.333
2024.0,MD Myers,Charleston Battery,58.38,-1.380781837,0.408,2760.0,14.53,1.0,13.79,0.933,0.77,0.525,0.975,0.943,0.816,4.618590583,0.904,0.606,0.025,0.071,0.816,0.55,0.227,0.514,0.284,0.567,-0.3623262007,0.525
2024.0,J. Conway,Charleston Battery,58.38,-6.076341125,0.213,1000.0,4.13,0.0,4.13,0.784,0.713,0.787,0.468,0.66,0.465,1.664034389,0.684,0.447,0.124,0.152,0.255,0.043,0.301,0.819,0.514,0.17,-3.567119688,0.121
2023.0,T. Moshobane,San Diego Loyal,56.61,8.499427525,0.904,2063.0,5.28,0.0,5.28,0.379,0.695,0.128,0.809,0.461,0.908,1.364495942,0.652,0.677,0.599,0.695,0.426,0.805,0.667,0.904,0.869,0.926,5.13841033,0.915
2023.0,E. Collier,San Diego Loyal,56.61,5.118734209,0.784,1012.0,1.98,0.0,1.98,0.195,0.259,0.149,0.138,0.103,0.337,-3.129762715,0.181,0.819,0.734,0.84,0.277,0.766,0.66,0.401,0.617,0.911,1.711793988,0.723
2023.0,R. Damus,San Diego Loyal,56.61,4.330072277,0.73,2148.0,12.98,2.0,11.5,0.965,0.911,0.738,0.943,0.957,0.908,6.315314926,0.972,0.713,0.535,0.674,0.798,0.28,0.11,0.362,0.11,0.17,-2.997489414,0.188
2023.0,E. Conway,San Diego Loyal,56.61,0.895191785,0.578,2539.0,9.24,0.0,9.24,0.645,0.77,0.39,0.45,0.411,0.812,1.798928998,0.706,0.521,0.475,0.5,0.348,0.28,0.589,0.681,0.674,0.17,-1.738648513,0.348
2024.0,D. Formella,Phoenix Rising,56.51,2.223732889,0.652,1758.0,6.07,1.0,5.33,0.475,0.479,0.567,0.628,0.656,0.468,0.1915346344,0.518,0.411,0.67,0.603,0.617,0.131,0.851,0.454,0.794,0.348,1.235822328,0.681
2024.0,T. Ángel,Phoenix Rising,56.51,-8.661314641,0.074,1378.0,5.38,2.0,3.9,0.45,0.06,0.738,0.489,0.67,0.156,-2.116319346,0.262,0.057,0.482,0.131,0.493,0.241,0.461,0.915,0.748,0.089,-1.551373913,0.369
2024.0,R. Cabral,Phoenix Rising,56.51,-9.607292746,0.046,1408.0,5.39,1.0,4.65,0.557,0.755,0.844,0.543,0.766,0.628,1.796768148,0.699,0.28,0.046,0.057,0.741,0.0,0.043,0.762,0.135,0.0,-4.250275895,0.074
2022.0,T. Amang,San Diego Loyal,55.63,13.23275613,0.979,1974.0,12.84,0.0,12.84,0.993,0.911,0.972,0.521,0.876,0.518,5.283265626,0.929,0.947,0.812,0.929,1.0,0.535,0.525,0.762,0.681,0.17,1.252571104,0.684
2022.0,T. Moshobane,San Diego Loyal,55.63,10.3803096,0.94,2404.0,4.8,0.0,4.8,0.206,0.387,0.11,0.592,0.287,0.578,-1.50834182,0.323,0.713,0.883,0.901,0.333,0.812,0.784,0.911,0.933,0.89,5.124447059,0.911
2022.0,K. Vassell,San Diego Loyal,55.63,8.697011953,0.908,2103.0,14.24,3.0,12.02,0.975,0.933,0.982,0.415,0.837,0.663,5.207688267,0.926,0.887,0.564,0.759,0.872,0.571,0.5,0.628,0.596,0.493,0.6348148278,0.628
2022.0,A. Carleton,San Diego Loyal,55.63,0.5496191046,0.543,1022.0,2.14,1.0,1.4,0.078,0.0,0.142,0.564,0.309,0.103,-4.851536168,0.078,0.816,0.933,0.95,0.085,0.383,0.901,0.436,0.844,0.089,-0.2357365308,0.546
2023.0,Danny Trejo,Phoenix Rising,55.5,11.12682456,0.957,3382.0,11.92,1.0,11.18,0.56,0.918,0.266,0.777,0.518,0.986,4.092041585,0.876,0.706,0.801,0.862,0.567,0.535,0.727,0.355,0.628,0.411,1.389178877,0.695
2023.0,D. Formella,Phoenix Rising,55.5,4.834655877,0.77,2611.0,8.76,4.0,5.8,0.291,0.532,0.216,0.809,0.521,0.908,0.8277270203,0.585,0.833,0.351,0.596,0.266,0.72,0.734,0.734,0.805,0.411,2.443290859,0.784
2023.0,M. Arteaga,Phoenix Rising,55.5,-2.158882933,0.369,2999.0,14.1,2.0,12.62,0.809,0.812,0.787,0.351,0.546,0.691,2.418503868,0.762,0.291,0.138,0.121,0.528,0.613,0.167,0.323,0.149,0.348,-1.973294326,0.312
2023.0,Rodrigo Da Costa,Memphis 901,55.32,7.633754317,0.894,3211.0,10.83,1.0,10.09,0.507,0.73,0.39,0.72,0.606,0.84,1.871272019,0.709,0.202,0.805,0.621,0.365,0.883,0.865,0.674,0.901,0.926,5.632884548,0.94
2023.0,N. Pickering,Memphis 901,55.32,0.2566871186,0.518,1210.0,3.76,0.0,3.76,0.5,0.571,0.372,0.316,0.312,0.578,-0.08400219411,0.493,0.475,0.177,0.216,0.45,0.312,0.738,0.323,0.624,0.411,-0.4750578293,0.504
2022.0,W. Harris,Louisville City,54.54,5.809835116,0.819,2448.0,13.25,1.0,12.51,0.94,0.918,0.961,0.77,0.954,0.635,5.093897126,0.918,0.748,0.223,0.404,0.84,0.461,0.394,0.677,0.5,0.348,-0.2616851246,0.539
2024.0,G. Hurst,New Mexico United,53.94,0.9713030821,0.589,2445.0,13.62,5.0,9.92,0.766,0.652,0.606,0.929,0.901,0.787,3.163852812,0.848,0.124,0.28,0.128,0.543,0.191,0.624,0.851,0.784,0.493,-0.2899160707,0.532
2024.0,D. Bruce,New Mexico United,53.94,-0.8293321917,0.44,1478.0,5.61,0.0,5.61,0.688,0.571,0.532,0.174,0.259,0.486,0.1027155863,0.507,0.5,0.426,0.461,0.862,0.759,0.525,0.762,0.681,0.411,0.8767047409,0.649
2025.0,J. LaCava,San Antonio,53.33,-9.349714629,0.06,1123.0,2.53,0.0,2.53,0.301,0.082,0.113,0.039,0.053,0.096,-5.010950281,0.071,0.099,0.897,0.599,0.191,0.16,0.773,0.323,0.649,0.089,-3.023747175,0.184
2025.0,J. Agudelo,San Antonio,53.33,-11.17732464,0.025,1106.0,1.98,0.0,1.98,0.145,0.082,0.05,0.489,0.113,0.156,-4.431948474,0.089,0.613,0.078,0.135,0.291,0.351,0.053,0.915,0.22,0.493,-1.940206505,0.316
2025.0,A. Moreno,El Paso Locomotive,53.25,5.093207885,0.78,2768.0,10.61,1.0,9.87,0.624,0.652,0.624,0.532,0.592,0.486,0.9694995001,0.613,0.777,0.816,0.89,0.876,0.745,0.652,0.667,0.734,0.411,2.430583089,0.78
2025.0,B. Avila,El Paso Locomotive,53.25,0.2800639878,0.521,2167.0,5.42,0.0,5.42,0.369,0.227,0.401,0.163,0.202,0.202,-2.760404384,0.209,0.943,0.582,0.833,0.691,0.571,0.365,0.245,0.227,0.493,-1.070097703,0.426
2025.0,R. Avila,El Paso Locomotive,53.25,0.05863452656,0.504,2048.0,5.46,0.0,5.46,0.404,0.259,0.401,0.174,0.223,0.209,-2.478450504,0.238,0.933,0.511,0.766,0.73,0.592,0.323,0.362,0.252,0.493,-0.9296909491,0.436
2025.0,F. Valot,Loudoun United,52.9,-0.8006508233,0.45,3080.0,3.68,0.0,3.68,0.05,0.05,0.06,0.124,0.074,0.074,-5.842974257,0.05,0.014,0.461,0.082,0.401,0.72,0.936,0.543,0.915,0.89,6.438755877,0.968
2025.0,R. Bidois,Loudoun United,52.9,-2.316597791,0.362,1230.0,4.1,0.0,4.1,0.571,0.73,0.344,0.922,0.794,0.798,2.305546913,0.752,0.401,0.071,0.096,0.926,0.638,0.004,0.968,0.103,0.411,-0.2569137557,0.543
2025.0,Z. Ryan,Loudoun United,52.9,-6.861020105,0.142,1581.0,4.98,0.0,4.98,0.514,0.532,0.259,0.911,0.699,0.656,0.8758149903,0.596,0.138,0.057,0.043,0.479,0.433,0.209,0.894,0.493,0.348,-1.313145759,0.387
2022.0,M. Johnsen,Oakland Roots,52.67,7.609677174,0.89,1425.0,2.86,0.0,2.86,0.216,0.05,0.348,0.394,0.365,0.046,-4.241714282,0.106,0.897,0.099,0.305,0.259,0.95,0.943,0.638,0.936,0.805,5.441838303,0.929
2022.0,D. Formella,Oakland Roots,52.67,3.713702295,0.702,2499.0,5.1,0.0,5.1,0.23,0.167,0.128,0.681,0.379,0.252,-2.724743881,0.213,0.72,0.436,0.578,0.582,0.855,0.965,0.613,0.943,0.652,5.410384241,0.922
2022.0,O. Karlsson,Oakland Roots,52.67,1.663753432,0.617,2981.0,20.14,8.0,14.22,0.901,0.713,0.876,0.94,0.989,0.809,4.794763543,0.915,0.55,0.199,0.27,0.773,0.351,0.369,0.535,0.418,0.411,-0.6637153052,0.479
2025.0,A. Diouf,Detroit City,52.57,1.557513096,0.606,1585.0,3.56,0.0,3.56,0.298,0.681,0.823,0.372,0.585,0.401,-0.2319796277,0.461,0.858,0.915,0.947,0.245,0.078,0.635,0.124,0.355,0.17,-3.500786034,0.135
2025.0,C. Rutz,Detroit City,52.57,-5.955054174,0.223,879.0,1.27,0.0,1.27,0.082,0.326,0.018,0.993,0.152,0.993,-0.1370078088,0.479,0.092,0.681,0.301,0.074,0.504,0.117,0.915,0.362,0.089,-3.141073065,0.17
2025.0,D. Smith,Detroit City,52.57,-8.711625638,0.071,2556.0,6.34,1.0,5.6,0.277,0.695,0.092,0.957,0.567,0.954,1.76203254,0.691,0.007,0.206,0.018,0.273,0.433,0.376,0.426,0.358,0.348,-2.194036211,0.287
2025.0,Braudílio Rodrigues,Lexington,52.41,2.897369522,0.663,1068.0,2.62,0.0,2.62,0.355,0.082,0.348,0.021,0.035,0.067,-5.071074588,0.067,0.344,0.982,0.954,0.528,0.571,0.66,0.89,0.855,0.567,2.731215536,0.798
2025.0,C. Burke,Lexington,52.41,-6.646382784,0.163,1274.0,4.91,0.0,4.91,0.713,0.812,0.511,0.809,0.78,0.819,3.088014336,0.837,0.372,0.004,0.035,0.514,0.018,0.096,0.004,0.004,0.043,-5.670346013,0.014
2025.0,Cory Burke,Lexington,52.41,-6.646382784,0.163,1274.0,4.91,0.0,4.91,0.713,0.812,0.511,0.809,0.78,0.819,3.088014336,0.837,0.372,0.004,0.035,0.514,0.018,0.096,0.004,0.004,0.043,-5.670346013,0.014
2025.0,F. Ajago,Lexington,52.41,-8.511181973,0.085,1632.0,6.68,0.0,6.68,0.777,0.652,0.23,0.699,0.436,0.819,1.889967069,0.716,0.067,0.663,0.248,0.482,0.011,0.0,0.266,0.032,0.089,-5.473441469,0.025
2022.0,J. LaCava,Tampa Bay Rowdies,52.39,11.20002484,0.961,2460.0,9.14,0.0,9.14,0.674,0.851,0.812,0.656,0.83,0.635,2.739473883,0.812,0.255,0.784,0.628,0.926,0.638,0.72,0.716,0.791,0.855,3.831503292,0.862
2022.0,S. Guenzatti,Tampa Bay Rowdies,52.39,6.237218907,0.83,2008.0,11.25,2.0,9.77,0.915,0.518,0.752,0.638,0.801,0.369,1.786817787,0.695,0.433,0.713,0.663,0.791,0.777,0.642,0.947,0.872,0.493,3.579528431,0.848
2022.0,Duba,Tampa Bay Rowdies,52.39,1.595000138,0.61,1386.0,7.38,1.0,6.64,0.908,0.77,0.73,0.277,0.45,0.741,2.554356659,0.787,0.872,0.433,0.699,0.894,0.096,0.142,0.071,0.071,0.248,-2.485992928,0.248
2022.0,K. Greig,Tampa Bay Rowdies,52.39,-0.6892527376,0.465,899.0,4.68,0.0,4.68,0.95,0.326,0.823,0.578,0.798,0.145,0.8612000266,0.589,0.447,0.546,0.539,0.652,0.706,0.057,0.819,0.181,0.089,-1.78005403,0.337
2022.0,P. Judd,LA Galaxy II,52.24,6.535071925,0.844,2097.0,13.81,1.0,13.07,0.989,0.933,1.0,0.713,0.993,0.433,6.241980762,0.968,0.475,0.826,0.798,0.876,0.383,0.227,0.486,0.266,0.652,-1.127265222,0.411
2022.0,M. Salazar,LA Galaxy II,52.24,5.761104675,0.816,1925.0,6.37,0.0,6.37,0.567,0.415,0.592,0.255,0.372,0.277,-1.049677806,0.358,0.574,0.727,0.72,0.574,0.957,0.801,0.738,0.862,0.947,5.43489148,0.926
2024.0,A. Moreno,El Paso Locomotive,52.22,1.739676276,0.628,2340.0,7.08,1.0,6.34,0.415,0.301,0.309,0.933,0.812,0.379,-0.3432821085,0.457,0.791,0.752,0.837,0.645,0.504,0.688,0.181,0.465,0.745,0.8757081591,0.645
2024.0,T. Moshobane,El Paso Locomotive,52.22,-2.066419472,0.379,2254.0,3.95,0.0,3.95,0.138,0.039,0.188,0.454,0.262,0.032,-4.921610847,0.074,0.454,0.337,0.365,0.067,0.766,0.479,0.915,0.755,0.78,1.636144521,0.716
2024.0,J. Rivas,El Paso Locomotive,52.22,-12.10093113,0.011,1163.0,2.93,1.0,2.19,0.167,0.082,0.184,0.294,0.184,0.27,-3.700234188,0.152,0.074,0.39,0.138,0.131,0.131,0.5,0.869,0.727,0.493,-1.217415483,0.401
2022.0,H. Barry,Colorado Springs,52.16,10.45701216,0.943,2875.0,11.86,3.0,9.64,0.578,0.801,0.837,0.592,0.819,0.748,2.507299509,0.777,0.667,0.266,0.411,0.801,0.918,0.798,0.762,0.865,0.89,7.733288103,0.975
2022.0,E. Amoh,Colorado Springs,52.16,0.2462139971,0.511,2755.0,10.32,1.0,9.58,0.603,0.812,0.681,0.482,0.624,0.699,2.0105165,0.738,0.571,0.287,0.383,0.39,0.096,0.422,0.255,0.287,0.089,-2.651595955,0.234
2024.0,W. Leggett,Loudoun United,52.07,7.352309079,0.887,1958.0,6.93,0.0,6.93,0.617,0.73,0.486,0.755,0.702,0.727,1.939908774,0.727,0.894,0.936,0.965,0.691,0.33,0.174,0.383,0.177,0.652,-1.618251234,0.358
2024.0,Z. Ryan,Loudoun United,52.07,-5.979904782,0.22,2695.0,13.74,3.0,11.52,0.826,0.571,0.557,0.589,0.613,0.571,1.546498511,0.667,0.284,0.113,0.103,0.422,0.489,0.277,0.851,0.518,0.17,-1.103792477,0.415
2023.0,B. Avila,Charleston Battery,51.79,0.7651171355,0.564,1474.0,2.76,0.0,2.76,0.156,0.259,0.259,0.032,0.064,0.309,-3.736928503,0.149,0.989,0.869,0.979,0.27,0.351,0.351,0.383,0.309,0.652,-1.929991002,0.319
2023.0,A. Williams,Charleston Battery,51.79,-7.712672959,0.099,3074.0,14.53,5.0,10.83,0.613,0.631,0.525,0.656,0.642,0.855,1.946743041,0.73,0.855,0.032,0.16,0.17,0.089,0.135,0.298,0.117,0.248,-4.722299635,0.05
2022.0,R. Ruiz,Rio Grande Valley,51.78,7.164290165,0.872,2848.0,5.56,0.0,5.56,0.188,0.103,0.383,0.064,0.121,0.078,-4.675074124,0.082,0.879,0.851,0.933,0.216,0.957,0.926,0.809,0.979,0.947,6.406582595,0.961
2022.0,F. López,Rio Grande Valley,51.78,0.7934284152,0.571,1505.0,6.78,1.0,6.04,0.748,0.713,0.94,0.73,0.922,0.33,2.210336191,0.748,0.844,0.617,0.777,0.943,0.613,0.376,0.135,0.188,0.805,0.6224988383,0.624
2025.0,JJ Williams,Rhode Island,51.67,0.9465215676,0.582,1791.0,7.08,1.0,6.34,0.621,0.571,0.901,0.17,0.44,0.362,0.03110582339,0.5,0.152,0.369,0.213,0.918,0.592,0.411,0.496,0.436,0.652,0.9017963133,0.652
2025.0,N. Fuson,Rhode Island,51.67,0.7159420326,0.56,2720.0,4.56,0.0,4.56,0.131,0.149,0.365,0.103,0.131,0.128,-4.19458788,0.117,0.606,0.56,0.613,0.316,0.613,0.947,0.191,0.777,0.652,2.038135629,0.759
2025.0,A. Dikwa,Rhode Island,51.67,-4.385543917,0.305,1942.0,6.19,0.0,6.19,0.535,0.415,0.188,0.901,0.582,0.525,0.07256926375,0.504,0.145,0.649,0.372,0.734,0.638,0.241,0.021,0.039,0.411,-1.749184792,0.344
2023.0,T. Reid,Oakland Roots,51.64,9.631398255,0.922,1044.0,2.96,0.0,2.96,0.454,0.227,0.777,0.259,0.465,0.117,-2.112928651,0.27,0.918,0.872,0.943,0.592,0.894,0.84,0.787,0.908,0.493,4.767253575,0.901
2023.0,J. Rodriguez,Oakland Roots,51.64,0.09361041851,0.507,2072.0,8.57,3.0,6.35,0.486,0.833,0.411,0.982,0.94,0.961,4.288956515,0.89,0.582,0.624,0.652,0.351,0.383,0.454,0.17,0.28,0.348,-1.820373541,0.33
2023.0,A. Peláez,Oakland Roots,51.64,-0.8053474985,0.443,1450.0,8.4,1.0,7.66,0.957,0.833,0.887,0.557,0.826,0.67,3.965393997,0.872,0.465,0.284,0.294,0.826,0.216,0.121,0.819,0.294,0.411,-1.989044207,0.309
2025.0,J. Tejada,Colorado Springs,51.61,-11.74329464,0.014,2159.0,3.76,0.0,3.76,0.135,0.227,0.071,0.422,0.17,0.379,-2.898027108,0.206,0.305,0.429,0.369,0.096,0.096,0.128,0.106,0.082,0.0,-5.761284021,0.011
2024.0,B. Morris,Detroit City,51.44,0.7727629802,0.567,2890.0,5.82,0.0,5.82,0.22,0.606,0.28,0.206,0.181,0.702,-0.9547591438,0.369,0.273,0.309,0.245,0.199,0.571,0.805,0.617,0.798,0.745,1.857852468,0.745
2024.0,E. Amoh,Detroit City,51.44,-2.136191769,0.372,1154.0,4.81,0.0,4.81,0.794,0.415,0.546,0.355,0.429,0.309,-0.1462819985,0.475,0.773,0.021,0.089,0.67,0.33,0.121,0.195,0.092,0.493,-1.596939166,0.362
2024.0,C. Rutz,Detroit City,51.44,-4.926476172,0.28,1239.0,5.28,0.0,5.28,0.823,0.387,0.326,0.809,0.674,0.337,0.5551337399,0.557,0.06,0.355,0.11,0.216,0.018,0.766,0.223,0.571,0.043,-3.276465669,0.163
2023.0,M. Foster,Colorado Springs,51.35,7.269234089,0.883,2578.0,5.28,1.0,4.54,0.142,0.167,0.337,0.507,0.418,0.145,-3.115535717,0.184,0.56,0.904,0.883,0.887,0.933,0.869,0.702,0.918,0.652,5.566537065,0.936
2025.0,I. Sacko,Phoenix Rising,51.35,1.446571661,0.596,2255.0,4.67,0.0,4.67,0.252,0.532,0.188,0.337,0.216,0.709,-1.003612489,0.365,0.323,0.787,0.706,0.379,0.894,0.745,0.943,0.929,0.805,3.207413686,0.83
2023.0,J. Tejada,Colorado Springs,51.35,1.306633836,0.592,1818.0,4.37,0.0,4.37,0.34,0.571,0.277,0.872,0.635,0.67,0.3843240714,0.535,0.599,0.794,0.794,0.298,0.241,0.429,0.695,0.564,0.348,-1.466195859,0.376
2023.0,R. Williams,Colorado Springs,51.35,0.4542101096,0.535,2048.0,12.91,5.0,9.21,0.869,0.851,0.713,0.855,0.887,0.965,5.175441909,0.922,0.695,0.06,0.145,0.628,0.504,0.518,0.525,0.553,0.348,-0.6232938641,0.486
2025.0,R. Cabral,Phoenix Rising,51.35,-6.898269804,0.138,1241.0,8.31,3.0,6.09,0.922,0.387,0.638,0.706,0.77,0.752,2.38522148,0.759,0.05,0.294,0.067,0.401,0.461,0.447,0.546,0.511,0.089,-2.228559814,0.28
2025.0,D. Formella,Phoenix Rising,51.35,-10.14996011,0.035,1215.0,1.41,0.0,1.41,0.046,0.06,0.078,0.007,0.011,0.096,-6.687166622,0.018,0.27,0.319,0.255,0.199,0.489,0.468,0.748,0.638,0.652,0.02823300237,0.571
2023.0,M. Dyer,FC Tulsa,51.06,5.306753525,0.787,2120.0,9.08,0.0,9.08,0.83,0.227,0.84,0.238,0.486,0.11,-1.012007146,0.362,0.837,0.674,0.819,0.83,0.865,0.624,0.468,0.603,0.805,3.188416541,0.826
2023.0,P. Goodrum,FC Tulsa,51.06,0.3076436843,0.525,2834.0,12.77,6.0,8.33,0.465,0.301,0.681,0.592,0.738,0.578,0.1055748777,0.511,0.84,0.688,0.826,0.752,0.461,0.287,0.546,0.365,0.348,-0.757899207,0.461
2024.0,D. Rivera,Tampa Bay Rowdies,50.91,17.91746011,1.0,1294.0,4.95,0.0,4.95,0.695,0.812,0.908,0.16,0.433,0.468,1.33536332,0.645,0.986,0.968,1.0,0.989,0.812,0.826,0.95,0.961,0.926,7.198584576,0.972
2024.0,C. Jennings,Tampa Bay Rowdies,50.91,7.166282292,0.879,2932.0,15.16,0.0,15.16,0.943,0.904,0.975,0.539,0.89,0.482,4.148800785,0.879,0.294,0.83,0.73,0.996,0.365,0.351,0.195,0.199,0.567,0.5578946641,0.617
2024.0,M. Arteaga,Tampa Bay Rowdies,50.91,0.9619824842,0.585,3110.0,17.5,7.0,12.32,0.741,0.631,0.89,0.688,0.883,0.72,2.653174503,0.798,0.16,0.638,0.376,0.773,0.383,0.613,0.709,0.716,0.567,0.4157799696,0.603
2024.0,J. Pérez,Tampa Bay Rowdies,50.91,-0.8037095155,0.447,1911.0,3.05,0.0,3.05,0.113,0.046,0.121,0.043,0.057,0.039,-6.017609762,0.039,0.128,0.911,0.691,0.06,0.872,0.94,0.681,0.95,0.968,4.403607736,0.894
2022.0,T. Freeman,Loudoun United,50.78,17.09401911,0.996,1309.0,5.75,1.0,5.01,0.699,0.887,0.954,0.645,0.915,0.67,3.613984729,0.862,0.787,0.819,0.894,0.553,0.72,0.855,0.762,0.922,0.926,5.860192542,0.943
2022.0,S. Simonsen,Loudoun United,50.78,7.024594317,0.869,1837.0,2.99,0.0,2.99,0.121,0.121,0.301,0.213,0.209,0.092,-4.39501267,0.092,0.996,0.84,0.989,0.106,0.95,0.904,0.631,0.911,0.947,4.929900029,0.904
2022.0,A. Liadi,Loudoun United,50.78,-6.795988569,0.149,1199.0,1.91,0.0,1.91,0.11,0.0,0.096,0.096,0.078,0.0,-6.587028551,0.021,0.624,0.493,0.564,0.11,0.667,0.301,0.801,0.479,0.411,-2.212411763,0.284
2025.0,B. Jacquesson,Pittsburgh Riverhounds,50.64,-5.026476334,0.273,1015.0,2.19,0.0,2.19,0.273,0.103,0.762,0.103,0.245,0.053,-4.189377985,0.121,0.691,0.362,0.518,0.358,0.592,0.819,0.195,0.621,0.411,-0.5744016295,0.489
2025.0,A. Williams,Pittsburgh Riverhounds,50.64,-9.354429524,0.057,3037.0,11.33,3.0,9.11,0.472,0.259,0.539,0.291,0.39,0.376,-1.279772217,0.348,0.652,0.074,0.142,0.379,0.043,0.174,0.096,0.089,0.17,-4.560022004,0.057
2022.0,P. Goodrum,Memphis 901,50.62,11.38695524,0.965,2866.0,19.51,1.0,18.77,1.0,0.993,0.911,0.894,0.968,0.904,8.514633061,0.996,0.848,0.656,0.805,0.975,0.592,0.557,0.862,0.752,0.411,1.755920403,0.73
2022.0,D. Borczak,Memphis 901,50.62,5.552914125,0.798,1334.0,5.76,0.0,5.76,0.84,0.326,0.823,0.156,0.387,0.152,-0.8535764309,0.383,0.901,0.5,0.734,0.954,0.411,0.794,0.312,0.656,0.089,0.4365045723,0.61
2024.0,N. Fuson,Rhode Island,50.57,8.367179882,0.901,3070.0,7.01,2.0,5.53,0.149,0.479,0.156,0.287,0.177,0.684,-1.535476141,0.316,0.543,0.762,0.727,0.436,0.94,0.954,0.706,0.975,0.805,6.070774716,0.947
2024.0,JJ Williams,Rhode Island,50.57,2.813052096,0.66,2198.0,9.42,2.0,7.94,0.631,0.73,0.67,0.5,0.621,0.752,1.996659956,0.734,0.709,0.163,0.28,0.855,0.461,0.546,0.546,0.599,0.493,0.4773069222,0.613
2023.0,W. Leggett,Loudoun United,50.57,1.601508071,0.613,1265.0,3.25,0.0,3.25,0.383,0.362,0.606,0.904,0.872,0.227,-0.4384635996,0.447,0.823,0.887,0.926,0.823,0.113,0.035,0.021,0.011,0.17,-4.156727555,0.078
2023.0,T. Williamson,Loudoun United,50.57,-0.1249947316,0.493,2125.0,6.14,1.0,5.4,0.376,0.227,0.681,0.309,0.475,0.195,-2.019193824,0.28,0.954,0.255,0.592,0.784,0.667,0.582,0.457,0.567,0.17,0.1463915097,0.582
2024.0,A. Dikwa,Rhode Island,50.57,-0.1541562111,0.489,2665.0,12.03,1.0,11.29,0.816,0.73,0.482,0.663,0.599,0.738,2.354025415,0.755,0.266,0.61,0.454,0.592,0.72,0.631,0.181,0.408,0.411,-0.334552752,0.528
2024.0,M. Doyle,Rhode Island,50.57,-0.7823391019,0.457,1322.0,5.35,0.0,5.35,0.755,0.167,0.241,0.936,0.745,0.17,-0.4546449673,0.443,0.539,0.709,0.702,0.773,0.018,0.706,0.266,0.56,0.248,-1.474163363,0.372
2023.0,Z. Ryan,Loudoun United,50.57,-5.142105744,0.27,2519.0,9.61,4.0,6.65,0.401,0.461,0.443,0.805,0.716,0.702,0.5076118871,0.546,0.426,0.085,0.106,0.209,0.535,0.227,0.957,0.589,0.17,-1.136948252,0.408
2024.0,Marlon,Memphis 901,50.52,5.739094719,0.812,2316.0,9.31,1.0,8.57,0.67,0.606,0.812,0.457,0.684,0.429,0.9425651495,0.61,0.975,0.73,0.908,0.702,0.84,0.716,0.234,0.521,0.805,1.793468331,0.734
2022.0,A. Dikwa,Pittsburgh Riverhounds,50.52,3.564368962,0.699,2636.0,11.42,0.0,11.42,0.848,0.755,0.511,0.908,0.84,0.723,3.124309641,0.844,0.436,0.323,0.333,0.833,0.411,0.447,0.397,0.426,0.411,0.1696406871,0.585
2022.0,D. Kelly,Pittsburgh Riverhounds,50.52,1.670846495,0.621,1104.0,7.21,0.0,7.21,0.996,0.947,0.858,0.316,0.571,0.84,5.738192158,0.947,0.887,0.273,0.56,0.957,0.16,0.301,0.028,0.05,0.043,-2.723449582,0.23
2023.0,L. Solignac,El Paso Locomotive,50.52,-0.2267767597,0.486,1887.0,8.69,3.0,6.47,0.592,0.652,0.663,0.546,0.652,0.734,1.528525242,0.663,0.592,0.234,0.298,0.77,0.667,0.152,0.894,0.397,0.493,0.8619011194,0.642
2023.0,J. Gómez,El Paso Locomotive,50.52,-0.9534000926,0.436,2546.0,5.78,0.0,5.78,0.309,0.259,0.216,0.074,0.092,0.319,-3.13942663,0.177,0.911,0.78,0.904,0.195,0.113,0.096,0.383,0.106,0.17,-3.810255151,0.092
2023.0,R. Zacarías,El Paso Locomotive,50.52,-1.94144694,0.383,1646.0,2.38,0.0,2.38,0.085,0.213,0.078,0.234,0.106,0.365,-3.52585985,0.156,0.642,0.241,0.33,0.138,0.933,0.326,0.996,0.773,0.567,1.934085065,0.752
2024.0,N. Pickering,Memphis 901,50.52,-6.539193867,0.174,1374.0,3.72,0.0,3.72,0.411,0.326,0.631,0.404,0.507,0.184,-1.634996739,0.309,0.298,0.387,0.326,0.472,0.241,0.546,0.266,0.411,0.043,-2.746550052,0.223
2023.0,E. Sonupé,El Paso Locomotive,50.52,-9.462062408,0.053,1233.0,2.47,0.0,2.47,0.209,0.387,0.504,0.103,0.163,0.277,-2.703885779,0.216,0.429,0.213,0.238,0.227,0.131,0.039,0.106,0.053,0.17,-4.008864022,0.089
2023.0,D. Bruce,New Mexico United,50.42,-3.081449703,0.337,1165.0,3.75,0.0,3.75,0.543,0.415,0.663,0.22,0.383,0.259,-1.207721224,0.351,0.496,0.791,0.748,0.418,0.504,0.674,0.496,0.66,0.493,-0.02422119496,0.567
2023.0,G. Hurst,New Mexico United,50.42,-6.299547395,0.191,1745.0,3.5,0.0,3.5,0.213,0.479,0.206,0.479,0.284,0.61,-1.167688586,0.355,0.043,0.326,0.078,0.131,0.28,0.596,0.401,0.525,0.248,-2.281629547,0.273
2023.0,C. François,Rio Grande Valley,50.33,9.024168079,0.911,2151.0,5.84,0.0,5.84,0.418,0.149,0.504,0.716,0.695,0.106,-2.059272058,0.273,0.933,0.652,0.858,0.865,0.855,0.652,0.259,0.482,0.652,2.356363157,0.766
2023.0,F. López,Rio Grande Valley,50.33,0.6633764084,0.557,1188.0,3.08,0.0,3.08,0.394,0.755,0.443,0.578,0.532,0.752,1.078678668,0.624,0.865,0.532,0.741,0.894,0.844,0.312,0.323,0.23,0.745,0.7803646789,0.638
2023.0,C. Pinzón,Rio Grande Valley,50.33,0.2519050066,0.514,1663.0,3.87,1.0,3.13,0.163,0.131,0.443,0.053,0.096,0.167,-4.218935781,0.11,0.904,0.528,0.752,0.128,0.812,0.784,0.482,0.745,0.805,4.015088874,0.872
2022.0,A. Apodaca,Charleston Battery,50.29,4.274797125,0.727,1797.0,7.64,0.0,7.64,0.819,0.571,0.865,0.273,0.525,0.298,0.605783894,0.56,0.241,0.723,0.532,0.986,0.926,0.599,0.252,0.433,0.78,4.189998192,0.887
2022.0,A. Williams,Charleston Battery,50.29,-1.361234216,0.411,2944.0,15.49,3.0,13.27,0.872,0.833,0.89,0.33,0.649,0.652,2.808443104,0.816,0.702,0.128,0.227,0.617,0.706,0.436,0.376,0.387,0.248,-0.7186126762,0.468
2024.0,J. Tejada,Colorado Springs,50.24,-1.662432097,0.394,1739.0,4.86,0.0,4.86,0.443,0.362,0.167,0.259,0.16,0.436,-1.71565857,0.305,0.362,0.606,0.546,0.351,0.613,0.599,0.401,0.535,0.248,-0.7709193274,0.457
2024.0,R. Damus,Colorado Springs,50.24,-6.176517267,0.202,2880.0,16.39,8.0,10.47,0.642,0.387,0.695,0.809,0.855,0.709,1.657069559,0.681,0.5,0.145,0.191,0.443,0.096,0.11,0.656,0.184,0.043,-4.632096023,0.053
2024.0,J. Dhillon,Colorado Springs,50.24,-6.20817055,0.199,2064.0,7.71,1.0,6.97,0.585,0.227,0.567,0.613,0.638,0.273,-0.7613991964,0.404,0.486,0.082,0.113,0.635,0.174,0.096,0.223,0.085,0.493,-2.440160066,0.255
2022.0,T. Etaka Preston,New Mexico United,50.1,16.49528307,0.993,1356.0,4.84,0.0,4.84,0.628,0.326,0.911,0.174,0.489,0.117,-1.305018265,0.34,0.968,0.972,0.996,0.848,0.787,0.961,0.248,0.819,0.855,3.360169093,0.833
2022.0,J. Kiesewetter,New Mexico United,50.1,5.654152469,0.809,1005.0,2.23,0.0,2.23,0.287,0.259,0.216,0.897,0.603,0.323,-1.504969614,0.326,0.66,0.979,0.968,0.741,0.855,0.617,0.078,0.241,0.652,0.9367934259,0.663
2022.0,S. Rivas,New Mexico United,50.1,1.68368157,0.624,1569.0,2.1,0.0,2.1,0.071,0.131,0.078,0.965,0.574,0.184,-3.074511218,0.188,0.092,0.922,0.645,0.074,0.571,0.84,0.681,0.876,0.493,1.445245335,0.699
2022.0,N. Brett,New Mexico United,50.1,-5.348052292,0.262,1993.0,7.67,0.0,7.67,0.709,0.631,0.691,0.387,0.535,0.418,0.7908149588,0.578,0.216,0.397,0.273,0.67,0.613,0.599,0.238,0.422,0.411,-0.2801505965,0.535
2022.0,T. Trager,Atlanta United II,49.82,6.451537721,0.837,1574.0,4.9,0.0,4.9,0.504,0.865,0.152,0.996,0.862,0.989,4.685143636,0.908,0.028,0.77,0.241,0.638,0.787,0.514,0.092,0.206,0.89,1.635628045,0.713
2022.0,J. Conway,Atlanta United II,49.82,-0.4468265032,0.472,2121.0,9.44,0.0,9.44,0.865,0.876,0.968,0.869,0.986,0.457,4.262790174,0.883,0.39,0.738,0.67,0.546,0.174,0.326,0.16,0.17,0.17,-2.465530153,0.252
2022.0,E. Martínez,Birmingham Legion,49.76,12.45098404,0.972,3378.0,13.66,1.0,12.92,0.691,0.791,0.745,0.401,0.557,0.603,1.79795177,0.702,0.543,0.858,0.844,0.833,0.94,0.95,0.621,0.947,0.947,8.080261944,0.979
2022.0,J. Agudelo,Birmingham Legion,49.76,6.788150847,0.855,2046.0,9.71,4.0,6.75,0.553,0.259,0.713,0.486,0.645,0.369,-0.3840765671,0.454,0.957,0.117,0.408,0.894,0.915,0.44,0.954,0.759,0.968,6.126924806,0.954
2024.0,R. Cicerone,Sacramento Republic,49.69,9.667356792,0.926,1789.0,7.61,1.0,6.87,0.706,0.326,0.876,0.309,0.589,0.195,-0.4878248344,0.433,0.741,0.926,0.94,0.638,0.706,0.879,0.546,0.887,0.652,3.657075239,0.855
2024.0,K. Phillips,Sacramento Republic,49.69,4.816891675,0.766,1587.0,8.82,0.0,8.82,0.972,0.986,0.823,1.0,1.0,0.947,9.320733864,1.0,0.443,0.121,0.149,0.762,0.174,0.06,0.72,0.152,0.248,-2.859946165,0.206
2024.0,T. Amann,Sacramento Republic,49.69,1.768375884,0.631,1898.0,7.94,0.0,7.94,0.798,0.833,0.78,0.801,0.858,0.635,3.276513904,0.851,0.656,0.525,0.606,0.489,0.433,0.255,0.915,0.574,0.567,-0.753673929,0.465
2023.0,W. Harris,Louisville City,49.68,-0.5524748445,0.468,2061.0,5.65,0.0,5.65,0.429,0.77,0.652,0.387,0.514,0.635,0.8726199996,0.592,0.649,0.408,0.535,0.791,0.695,0.518,0.22,0.34,0.348,-0.4515429861,0.507
2023.0,C. Lancaster,Louisville City,49.68,-6.652629206,0.16,1516.0,6.01,1.0,5.27,0.599,0.876,0.986,0.461,0.879,0.504,2.704127832,0.809,0.738,0.089,0.195,0.5,0.191,0.372,0.468,0.39,0.248,-2.754052404,0.22
2025.0,M. Arteaga,Tampa Bay Rowdies,49.62,-1.847136734,0.39,2281.0,10.47,2.0,8.99,0.734,0.631,0.713,0.202,0.394,0.504,0.6486957238,0.564,0.415,0.372,0.39,0.528,0.433,0.574,0.741,0.699,0.248,-0.6841593453,0.475
2025.0,W. Pacius,Tampa Bay Rowdies,49.62,-4.770223713,0.287,2601.0,5.8,0.0,5.8,0.294,0.887,0.465,0.422,0.422,0.926,1.918213549,0.723,0.454,0.149,0.181,0.124,0.351,0.326,0.72,0.468,0.248,-2.916134597,0.195
2023.0,C. Jennings,Tampa Bay Rowdies,49.56,16.32149008,0.989,2265.0,9.72,1.0,8.98,0.745,1.0,0.851,0.954,0.982,0.979,7.968602246,0.989,0.383,0.943,0.897,0.887,0.812,0.401,0.546,0.457,0.745,1.503854883,0.706
2023.0,JJ Williams,Tampa Bay Rowdies,49.56,0.6144582342,0.553,2481.0,11.08,1.0,10.34,0.791,0.862,0.649,0.461,0.553,0.777,2.866704148,0.819,0.358,0.227,0.223,0.461,0.571,0.351,0.074,0.131,0.567,-1.592757853,0.365
2022.0,Rodrigo Da Costa,FC Tulsa,49.49,10.02698132,0.936,2683.0,8.33,0.0,8.33,0.493,0.571,0.596,0.674,0.723,0.436,0.5486613559,0.553,0.348,0.553,0.511,0.45,0.989,0.933,0.695,0.94,0.989,9.356196097,0.986
2022.0,M. Ramírez,FC Tulsa,49.49,6.970517679,0.865,902.0,1.87,0.0,1.87,0.255,0.571,0.372,0.379,0.369,0.578,-0.7891006531,0.397,0.723,0.798,0.855,0.894,0.489,0.539,0.223,0.372,0.411,0.1008022545,0.578
2022.0,D. Suárez,FC Tulsa,49.49,3.449172009,0.688,2174.0,7.31,2.0,5.83,0.408,0.546,0.801,0.284,0.511,0.468,-0.2086483398,0.465,0.514,0.748,0.709,0.156,0.837,0.706,0.844,0.858,0.805,2.604646617,0.794
2022.0,B. Brown,FC Tulsa,49.49,-6.455998129,0.181,1331.0,5.5,0.0,5.5,0.787,0.326,0.926,0.085,0.301,0.117,-1.292456256,0.344,0.468,0.372,0.418,0.936,0.241,0.16,0.819,0.344,0.248,-0.9282116984,0.44
2025.0,T. Trager,Orange County SC,49.45,-6.118746704,0.209,866.0,2.23,0.0,2.23,0.387,0.362,0.411,0.174,0.23,0.277,-2.11489609,0.266,0.039,0.585,0.17,0.496,0.504,0.17,0.965,0.543,0.089,-1.665487033,0.355
2025.0,E. Zubak,Orange County SC,49.45,-6.164002175,0.206,2558.0,12.45,5.0,8.75,0.589,0.461,0.188,0.631,0.401,0.933,1.37535148,0.656,0.028,0.181,0.05,0.16,0.365,0.216,0.84,0.461,0.248,-2.763379819,0.216
2025.0,R. Damus,Birmingham Legion,49.44,-8.296260075,0.089,2826.0,10.53,1.0,9.79,0.596,0.631,0.291,0.638,0.5,0.794,1.34819553,0.649,0.319,0.216,0.206,0.305,0.216,0.028,0.039,0.028,0.17,-5.100125794,0.035
2023.0,P. Saydee,Hartford Athletic,49.4,8.282492544,0.897,2800.0,6.63,1.0,5.89,0.262,0.546,0.408,0.773,0.677,0.61,0.01739810085,0.496,0.748,0.957,0.961,0.333,0.777,0.77,0.188,0.557,0.805,1.880252765,0.748
2023.0,A. Hoppenot,Hartford Athletic,49.4,4.233686554,0.723,2220.0,5.21,0.0,5.21,0.323,0.142,0.053,0.592,0.174,0.277,-3.038600632,0.199,0.362,0.961,0.918,0.408,0.812,0.918,0.379,0.837,0.78,2.358388467,0.77
2023.0,K. Edwards,Hartford Athletic,49.4,0.4785187504,0.539,1379.0,7.31,3.0,5.09,0.66,0.479,0.585,0.72,0.734,0.84,1.879598721,0.713,0.507,0.574,0.571,0.617,0.383,0.142,0.032,0.035,0.493,-2.808930113,0.213
2023.0,E. Amoh,Hartford Athletic,49.4,-5.493057551,0.252,2070.0,8.72,1.0,7.98,0.72,0.227,0.801,0.113,0.27,0.174,-1.558130728,0.312,0.553,0.333,0.422,0.734,0.096,0.018,0.043,0.018,0.0,-3.778204749,0.096
2024.0,T. Pasher,Birmingham Legion,49.34,4.639343799,0.755,1974.0,4.03,0.0,4.03,0.234,0.259,0.411,0.691,0.596,0.22,-1.934987282,0.294,0.489,0.44,0.465,0.096,0.613,0.957,0.511,0.926,0.911,5.221705174,0.918
2024.0,Stéfano Pinho,Birmingham Legion,49.34,-3.160501732,0.333,1824.0,7.5,0.0,7.5,0.78,0.851,0.436,0.209,0.248,0.89,2.421511881,0.766,0.216,0.245,0.167,0.652,0.241,0.206,0.546,0.301,0.411,-1.851071679,0.326
2024.0,E. Martínez,Birmingham Legion,49.34,-4.939592194,0.277,3266.0,6.74,0.0,6.74,0.245,0.227,0.28,0.082,0.099,0.227,-3.466872942,0.16,0.156,0.809,0.574,0.064,0.365,0.727,0.528,0.72,0.493,-0.4011136351,0.518
2023.0,J. Agudelo,Birmingham Legion,49.16,-0.2674511853,0.482,3300.0,7.6,0.0,7.6,0.316,0.167,0.099,0.316,0.142,0.266,-3.141372093,0.174,0.922,0.156,0.436,0.546,0.365,0.454,0.262,0.323,0.567,0.9326273658,0.656
2023.0,N. Brett,Birmingham Legion,49.16,-4.530257675,0.294,1962.0,9.07,3.0,6.85,0.606,0.801,0.631,0.862,0.844,0.929,3.622679443,0.865,0.11,0.014,0.0,0.309,0.638,0.567,0.713,0.67,0.411,-0.8246370587,0.454
2022.0,R. Parkes,Miami,49.1,3.844862995,0.709,1298.0,5.1,0.0,5.1,0.73,0.695,0.904,0.748,0.911,0.337,2.030638577,0.741,0.926,0.468,0.745,0.652,0.745,0.723,0.514,0.709,0.493,1.216353613,0.674
2022.0,C. Repetto,Miami,49.1,-8.077046781,0.096,937.0,2.34,0.0,2.34,0.362,0.301,0.156,0.422,0.241,0.379,-1.948154598,0.291,0.206,0.174,0.117,0.177,0.667,0.05,0.989,0.351,0.652,-1.393682097,0.383
2022.0,K. Murphy,Miami,49.1,-8.550581409,0.082,2345.0,11.31,2.0,9.83,0.805,0.606,0.652,0.621,0.727,0.61,1.906468433,0.72,0.142,0.06,0.053,0.387,0.131,0.011,0.195,0.043,0.0,-5.527733719,0.021
2024.0,T. Trager,Monterey Bay FC,49.08,6.594817776,0.848,1375.0,8.75,2.0,7.27,0.961,0.865,0.869,0.915,0.961,0.745,5.285334617,0.933,0.525,0.22,0.277,0.965,0.55,0.546,0.908,0.78,0.493,1.820995451,0.738
2024.0,M. Gonzalez,Monterey Bay FC,49.08,-0.7720860757,0.461,920.0,2.17,0.0,2.17,0.326,0.121,0.624,0.06,0.138,0.064,-4.198009087,0.113,0.422,0.745,0.677,0.713,0.461,0.904,0.099,0.613,0.089,0.09027257556,0.574
2024.0,A. Dixon,Monterey Bay FC,49.08,-1.54009621,0.397,2086.0,5.73,2.0,4.25,0.227,0.149,0.309,0.046,0.085,0.227,-3.922028845,0.135,0.103,0.759,0.397,0.557,0.383,0.809,0.358,0.688,0.855,2.770295924,0.801
2025.0,P. Wilson,Oakland Roots,48.97,-1.142763496,0.426,2454.0,11.85,2.0,10.37,0.812,0.954,0.411,0.858,0.762,1.0,6.37997323,0.975,0.191,0.312,0.202,0.677,0.191,0.021,0.819,0.096,0.248,-3.056558121,0.181
2025.0,J. Sinisterra,Oakland Roots,48.97,-5.675795672,0.238,1092.0,1.73,1.0,0.99,0.035,0.082,0.064,0.422,0.167,0.379,-4.137870433,0.128,0.759,0.298,0.504,0.103,0.55,0.557,0.546,0.606,0.652,-0.9978388194,0.429
2024.0,M. Dieng,Hartford Athletic,48.96,-0.3689232887,0.479,2054.0,12.07,0.0,12.07,0.979,0.929,0.745,0.876,0.904,0.865,6.083687656,0.957,0.121,0.188,0.085,0.876,0.043,0.28,0.266,0.195,0.248,-2.275251085,0.277
2022.0,M. Foster,Sacramento Republic,48.87,12.57517576,0.975,1210.0,6.63,1.0,5.89,0.918,0.957,0.855,0.787,0.894,0.876,5.778475706,0.95,0.67,0.777,0.801,0.926,0.777,0.574,0.401,0.489,0.805,3.099472865,0.823
2022.0,R. López,Sacramento Republic,48.87,9.337686416,0.915,2241.0,7.91,5.0,4.21,0.16,0.326,0.585,0.355,0.443,0.511,-1.523332366,0.319,0.316,0.879,0.78,0.046,0.975,0.986,0.61,0.986,0.993,9.788975425,0.993
2022.0,D. Martìnez,Sacramento Republic,48.87,1.490882405,0.603,1946.0,4.46,2.0,2.98,0.099,0.167,0.071,0.762,0.333,0.691,-2.042048295,0.277,0.493,0.259,0.287,0.557,0.894,0.858,0.663,0.894,0.652,3.571357386,0.844
2022.0,L. Archimède,Sacramento Republic,48.87,-0.08414654526,0.496,1285.0,7.61,2.0,6.13,0.904,0.362,0.918,0.422,0.752,0.337,1.103325611,0.628,0.167,0.837,0.635,0.911,0.592,0.312,0.443,0.305,0.248,-0.6428932596,0.482
2023.0,J. Rivas,Miami,48.81,-2.551973631,0.355,1779.0,6.49,4.0,3.53,0.202,0.571,0.677,0.865,0.869,0.865,1.411718309,0.66,0.089,0.773,0.401,0.259,0.241,0.482,0.323,0.401,0.567,-0.4379760106,0.511
2023.0,M. Salazar,Miami,48.81,-5.457289748,0.259,1791.0,3.34,0.0,3.34,0.152,0.121,0.099,0.525,0.234,0.135,-3.839325237,0.142,0.862,0.418,0.688,0.163,0.365,0.411,0.652,0.496,0.567,-1.237333712,0.394
2023.0,K. Murphy,Miami,48.81,-7.212049125,0.121,1948.0,9.15,4.0,6.19,0.528,0.259,0.443,0.574,0.528,0.461,-0.5151134405,0.429,0.131,0.613,0.309,0.316,0.191,0.074,0.043,0.046,0.248,-4.50290526,0.06
2023.0,C. Repetto,Miami,48.81,-7.252712392,0.113,1053.0,4.04,2.0,2.56,0.351,0.103,0.167,0.961,0.73,0.635,-0.8060359627,0.394,0.177,0.011,0.014,0.177,0.043,0.014,0.968,0.145,0.0,-3.502470311,0.131
2022.0,Santi Moar,Phoenix Rising,48.75,10.76093226,0.95,2438.0,5.21,0.0,5.21,0.27,0.06,0.862,0.099,0.291,0.035,-4.325173787,0.099,0.635,0.94,0.922,0.741,0.993,0.979,0.752,1.0,0.89,9.487560446,0.989
2022.0,JJ Williams,Phoenix Rising,48.75,3.507010649,0.691,2318.0,10.11,1.0,9.37,0.752,0.876,0.929,0.504,0.823,0.564,2.961341973,0.83,0.326,0.539,0.468,0.663,0.695,0.255,0.546,0.326,0.745,-0.1349143729,0.553
2022.0,G. Hurst,Phoenix Rising,48.75,-2.134745188,0.376,2109.0,6.23,0.0,6.23,0.468,0.479,0.365,0.34,0.34,0.436,-0.7643025985,0.401,0.064,0.862,0.486,0.5,0.922,0.376,0.869,0.635,0.78,2.403743905,0.773
2025.0,S. Blanco,Miami,48.65,3.356073521,0.681,1490.0,1.16,0.0,1.16,0.028,0.05,0.337,0.22,0.22,0.039,-5.586827806,0.057,0.195,0.954,0.865,0.032,0.986,0.996,0.45,0.993,0.926,8.595769138,0.982
2025.0,F. Bonfiglio,Miami,48.65,-2.25735537,0.365,2772.0,12.77,2.0,11.29,0.77,0.812,0.798,0.617,0.809,0.688,2.906596608,0.823,0.387,0.486,0.447,0.472,0.33,0.004,0.72,0.064,0.17,-3.370779907,0.156
2023.0,R. Cicerone,Sacramento Republic,48.42,13.95179632,0.982,3185.0,12.59,0.0,12.59,0.738,0.887,0.642,0.95,0.947,0.837,4.495538021,0.897,0.617,0.706,0.716,0.514,0.89,0.848,0.493,0.801,0.652,3.04092612,0.816
2023.0,Z. Lewis,Sacramento Republic,48.42,4.872473188,0.773,1111.0,2.46,0.0,2.46,0.284,0.447,0.596,0.124,0.227,0.309,-2.160323956,0.255,0.394,0.567,0.543,0.284,0.926,0.876,0.869,0.972,0.947,6.096454321,0.95
2023.0,L. Archimède,Sacramento Republic,48.42,0.852803142,0.574,867.0,3.32,0.0,3.32,0.702,0.968,0.872,0.809,0.929,0.879,5.355933701,0.936,0.369,0.234,0.23,0.915,0.28,0.241,0.004,0.021,0.043,-3.387977028,0.149
2023.0,S. Herrera,Sacramento Republic,48.42,-4.184179177,0.316,1437.0,6.56,4.0,3.6,0.372,0.149,0.489,0.78,0.72,0.56,-0.7463341224,0.411,0.631,0.543,0.61,0.461,0.667,0.191,0.915,0.475,0.652,-0.7023379611,0.472
2022.0,A. Martínez,Hartford Athletic,48.3,9.366786253,0.918,1197.0,5.43,1.0,4.69,0.727,0.957,0.546,0.762,0.748,0.993,5.897686616,0.954,0.557,0.904,0.879,0.574,0.131,0.759,0.266,0.61,0.17,1.282864668,0.688
2022.0,R. Dally,Hartford Athletic,48.3,1.788726443,0.635,1116.0,4.67,0.0,4.67,0.801,0.447,0.348,0.809,0.691,0.401,0.8237471938,0.582,0.784,0.184,0.379,0.482,0.805,0.748,0.507,0.723,0.78,2.031973278,0.755
2022.0,J. Obregón,Hartford Athletic,48.3,-7.21968967,0.117,1299.0,6.11,0.0,6.11,0.887,0.695,0.78,0.149,0.316,0.436,1.145089955,0.635,0.766,0.479,0.649,0.408,0.018,0.074,0.004,0.0,0.089,-5.214696594,0.028
2022.0,M. Iloski,Orange County SC,47.95,9.979679769,0.933,2772.0,10.14,0.0,10.14,0.656,0.996,0.989,0.706,0.972,0.752,5.65169896,0.943,0.436,0.894,0.848,0.316,0.489,0.837,0.44,0.762,0.567,0.9885420024,0.667
2022.0,E. Torres,Orange County SC,47.95,-2.850896484,0.348,2235.0,10.32,3.0,8.1,0.638,0.546,0.706,0.475,0.617,0.557,0.9340275108,0.606,0.727,0.344,0.525,0.589,0.461,0.241,0.546,0.312,0.348,-1.211676197,0.404
2022.0,S. Okoli,Orange County SC,47.95,-6.566292364,0.17,1617.0,4.45,1.0,3.71,0.312,0.415,0.411,0.532,0.496,0.486,-0.9447425588,0.372,0.582,0.401,0.482,0.163,0.078,0.376,0.106,0.16,0.248,-4.32347604,0.071
2025.0,J. Rodriguez,Las Vegas Lights,47.75,-7.04221459,0.128,2720.0,6.31,1.0,5.57,0.238,0.479,0.443,0.738,0.663,0.532,-0.4578520969,0.436,0.23,0.691,0.489,0.145,0.06,0.287,0.401,0.259,0.089,-4.50205346,0.064
2025.0,N. Pickering,Las Vegas Lights,47.75,-10.58268046,0.032,896.0,2.02,0.0,2.02,0.305,0.571,0.475,0.294,0.351,0.532,-0.8221207348,0.387,0.071,0.206,0.06,0.046,0.06,0.209,0.043,0.067,0.0,-6.142102278,0.004
2025.0,S. Stojanovic,Las Vegas Lights,47.75,-12.74586108,0.007,1307.0,2.54,0.0,2.54,0.181,0.167,0.167,0.34,0.206,0.209,-3.353099807,0.167,0.046,0.106,0.028,0.121,0.28,0.074,0.968,0.394,0.089,-3.729343485,0.103
2024.0,J. Agudelo,San Antonio,47.59,-2.94962286,0.34,2396.0,9.15,2.0,7.67,0.539,0.479,0.309,0.078,0.11,0.624,-0.8950932119,0.376,0.929,0.131,0.415,0.844,0.33,0.351,0.348,0.291,0.348,-0.9809425414,0.433
2024.0,L. Solignac,San Antonio,47.59,-5.482976689,0.255,1453.0,4.99,2.0,3.51,0.348,0.461,0.309,0.394,0.355,0.819,-0.204352451,0.468,0.206,0.518,0.344,0.152,0.216,0.174,0.546,0.238,0.17,-3.447086133,0.138
2024.0,K. Lacey,San Antonio,47.59,-6.902609485,0.135,949.0,1.46,0.0,1.46,0.103,0.0,0.465,0.422,0.422,0.0,-5.316899657,0.064,0.83,0.617,0.762,0.5,0.433,0.667,0.309,0.55,0.411,-1.725059404,0.351
2024.0,J. LaCava,San Antonio,47.59,-7.540320517,0.106,1285.0,1.93,0.0,1.93,0.092,0.06,0.128,0.025,0.025,0.071,-5.979633172,0.043,0.167,0.755,0.475,0.117,0.433,0.468,0.805,0.663,0.089,-2.615329591,0.241
2024.0,M. Chol,San Antonio,47.59,-8.95966008,0.067,1303.0,1.51,0.0,1.51,0.043,0.167,0.057,0.138,0.071,0.337,-4.314628049,0.103,0.475,0.418,0.443,0.113,0.113,0.5,0.72,0.652,0.0,-4.074307385,0.085
2022.0,C. Jennings,Las Vegas Lights,47.35,4.410804018,0.745,2285.0,8.22,1.0,7.48,0.55,0.73,0.713,0.294,0.482,0.631,1.026294827,0.621,0.681,0.66,0.723,0.309,0.461,0.493,0.819,0.702,0.567,-0.5064436151,0.5
2022.0,D. Iskenderian,Las Vegas Lights,47.35,-4.868097672,0.284,1305.0,1.76,0.0,1.76,0.074,0.06,0.273,0.018,0.021,0.06,-6.246574195,0.032,0.564,0.592,0.617,0.046,0.0,0.635,0.106,0.316,0.567,-3.773814766,0.099
2022.0,C. Torres,Las Vegas Lights,47.35,-8.565946263,0.078,908.0,0.68,0.0,0.68,0.025,0.131,0.046,0.979,0.305,0.337,-3.745118602,0.145,0.11,0.557,0.262,0.028,0.078,0.255,0.004,0.025,0.043,-6.031012922,0.007
2022.0,A. Hoppenot,Detroit City,47.25,14.46786494,0.986,2733.0,6.55,0.0,6.55,0.337,0.415,0.213,0.167,0.128,0.5,-1.908233504,0.298,0.809,0.848,0.911,0.947,1.0,0.993,0.372,0.965,0.996,12.76418203,1.0
2022.0,P. Botello Faz,Detroit City,47.25,4.035890314,0.713,2296.0,7.46,0.0,7.46,0.546,0.606,0.142,0.592,0.337,0.865,0.9164694662,0.599,0.77,0.383,0.582,0.848,0.504,0.61,0.66,0.667,0.493,1.336407417,0.691
2022.0,F. Atuahene,Detroit City,47.25,-1.349547958,0.415,858.0,3.76,0.0,3.76,0.851,0.362,0.996,0.121,0.564,0.085,-0.5892088436,0.422,0.982,0.248,0.642,0.979,0.06,0.34,0.0,0.014,0.0,-3.385005812,0.152
2023.0,T. Bagley,Las Vegas Lights,47.21,-7.598806671,0.103,2525.0,4.21,0.0,4.21,0.128,0.206,0.156,0.355,0.213,0.252,-3.388573394,0.163,0.021,0.642,0.163,0.043,0.191,0.823,0.156,0.582,0.567,-2.631389115,0.238
2023.0,P. Botello Faz,Las Vegas Lights,47.21,-8.977680841,0.064,1294.0,6.58,1.0,5.84,0.876,0.387,0.489,0.23,0.273,0.511,0.2281728491,0.521,0.628,0.035,0.099,0.61,0.131,0.067,0.762,0.174,0.089,-3.646017833,0.113
2023.0,J. Dolling,Las Vegas Lights,47.21,-11.21009435,0.021,1280.0,1.63,0.0,1.63,0.06,0.0,0.021,0.422,0.06,0.0,-7.052125905,0.014,0.326,0.0,0.025,0.209,0.957,0.401,0.989,0.812,0.78,2.411697391,0.777
2024.0,R. Serrano,Louisville City,47.14,10.72919822,0.947,2750.0,8.69,0.0,8.69,0.521,0.479,0.606,0.355,0.468,0.333,-0.5425366338,0.426,0.245,0.95,0.851,0.241,0.979,0.972,0.798,0.996,0.996,10.14094873,0.996
2024.0,W. Harris,Louisville City,47.14,5.587595127,0.801,2653.0,15.25,2.0,13.77,0.947,0.95,0.947,0.794,0.95,0.833,6.108191738,0.961,0.532,0.465,0.496,0.908,0.638,0.135,0.794,0.273,0.348,-0.4333254407,0.514
2024.0,P. Goodrum,Louisville City,47.14,4.889916441,0.777,2156.0,8.04,2.0,6.56,0.482,0.755,0.752,0.447,0.61,0.532,1.004972882,0.617,0.745,0.766,0.816,0.727,0.745,0.482,0.982,0.851,0.652,1.830753015,0.741
2024.0,S. Gleadle,Louisville City,47.14,4.339304782,0.734,1035.0,4.45,0.0,4.45,0.837,0.479,0.475,0.809,0.755,0.401,1.217668073,0.638,0.401,0.44,0.433,0.869,0.592,0.688,0.344,0.578,0.567,1.084749281,0.67
2025.0,L. Ivanovic,Monterey Bay FC,47.09,-1.230334093,0.422,1599.0,5.35,0.0,5.35,0.574,0.415,0.695,0.691,0.805,0.22,-0.1242546068,0.486,0.379,0.592,0.55,0.457,0.433,0.642,0.521,0.645,0.652,-0.3812341745,0.521
2025.0,I. Paul,Monterey Bay FC,47.09,-1.452915247,0.401,1459.0,3.95,1.0,3.21,0.28,0.301,0.113,0.028,0.039,0.67,-2.645441609,0.223,0.801,0.677,0.787,0.961,0.638,0.27,0.546,0.337,0.805,1.620602875,0.709
2025.0,A. Søjberg,Monterey Bay FC,47.09,-1.934009469,0.387,1529.0,5.12,2.0,3.64,0.333,0.447,0.436,0.72,0.631,0.525,-0.3980130042,0.45,0.0,0.993,0.553,0.039,0.844,0.759,0.869,0.897,0.652,1.228794699,0.677
2022.0,M. Arteaga,Indy Eleven,46.6,5.614304581,0.805,1560.0,5.65,0.0,5.65,0.635,0.546,0.933,0.879,0.979,0.227,1.585168579,0.67,0.851,0.316,0.585,0.684,0.787,0.649,0.887,0.833,0.78,3.507452081,0.84
2025.0,E. Goldthorp,FC Tulsa,46.6,4.754966188,0.762,1107.0,2.09,0.0,2.09,0.17,0.213,0.642,0.468,0.55,0.128,-2.622605884,0.227,0.528,0.823,0.812,0.415,0.872,0.887,0.16,0.695,0.982,4.022529551,0.876
2025.0,T. Calheira,FC Tulsa,46.6,2.133830374,0.649,3008.0,18.64,6.0,14.2,0.894,0.652,0.801,0.418,0.628,0.78,2.695821903,0.805,0.351,0.326,0.316,0.702,0.745,0.401,0.174,0.223,0.805,0.4019282709,0.596
2022.0,Stéfano Pinho,Indy Eleven,46.6,1.990150435,0.642,2267.0,10.53,1.0,9.79,0.844,0.887,0.496,0.73,0.681,0.94,4.288170662,0.887,0.688,0.106,0.209,0.677,0.241,0.191,0.986,0.642,0.348,-1.095101269,0.418
2022.0,J. Tejada,Indy Eleven,46.6,-3.180285649,0.33,1430.0,1.9,0.0,1.9,0.064,0.149,0.124,0.28,0.145,0.184,-4.145585114,0.124,0.699,0.514,0.631,0.376,0.504,0.202,0.915,0.486,0.411,-0.9273815491,0.443
2023.0,S. Simonsen,Detroit City,46.56,4.356626228,0.738,1386.0,5.12,0.0,5.12,0.663,0.301,0.582,0.216,0.319,0.206,-1.363570949,0.333,1.0,0.252,0.823,0.645,0.982,0.911,0.539,0.89,0.855,4.741257497,0.897
2023.0,D. Suárez,Detroit City,46.56,-4.619582546,0.291,1538.0,5.62,1.0,4.88,0.525,0.259,0.567,0.553,0.56,0.301,-0.8892164937,0.379,0.674,0.716,0.738,0.234,0.011,0.493,0.496,0.507,0.0,-2.980415055,0.191
2023.0,B. Morris,Detroit City,46.56,-5.986668192,0.216,2769.0,5.27,0.0,5.27,0.174,0.326,0.177,0.33,0.199,0.379,-2.467687449,0.241,0.163,0.05,0.046,0.333,0.383,0.44,0.266,0.319,0.348,-1.298222084,0.39
2023.0,Y. Matthews,Detroit City,46.56,-8.116602679,0.092,1081.0,2.3,0.0,2.3,0.266,0.082,0.713,0.004,0.018,0.046,-5.961750491,0.046,0.262,0.23,0.177,0.358,0.039,0.567,0.078,0.216,0.567,-2.118178294,0.298
2024.0,O. Anderson,North Carolina FC,46.54,6.523516464,0.84,2270.0,12.48,2.0,11.0,0.911,0.887,0.957,0.525,0.851,0.578,3.924885161,0.869,0.798,0.865,0.915,0.968,0.613,0.312,0.755,0.472,0.652,0.7429506041,0.635
2024.0,E. Conway,North Carolina FC,46.54,2.01292841,0.645,2421.0,11.13,1.0,10.39,0.833,0.801,0.73,0.592,0.759,0.727,2.954716101,0.826,0.287,0.603,0.472,0.613,0.216,0.344,0.348,0.277,0.17,-2.168090318,0.291
2023.0,W. Martínez,Monterey Bay FC,46.54,-3.431444273,0.326,1850.0,0.66,0.0,0.66,0.014,0.0,0.011,0.117,0.014,0.0,-8.401775198,0.011,0.174,0.844,0.667,0.007,0.72,0.872,0.266,0.741,0.567,0.4099664583,0.599
2024.0,L. Perez,North Carolina FC,46.54,-3.761952986,0.319,2687.0,3.09,1.0,2.35,0.032,0.035,0.326,0.032,0.067,0.057,-6.477880961,0.028,0.216,0.929,0.784,0.025,0.798,0.816,0.621,0.826,0.911,2.916475238,0.809
2023.0,C. Volesky,Monterey Bay FC,46.54,-5.798548559,0.234,2092.0,7.19,2.0,5.71,0.426,0.606,0.298,0.408,0.348,0.89,0.7271631546,0.571,0.053,0.103,0.032,0.316,0.411,0.617,0.67,0.691,0.567,-0.5302088927,0.496
2023.0,S. Okoli,Monterey Bay FC,46.54,-6.681405401,0.152,1185.0,2.78,0.0,2.78,0.319,0.415,0.578,0.174,0.277,0.277,-2.005280848,0.284,0.908,0.096,0.323,0.294,0.33,0.422,0.142,0.209,0.17,-3.099721204,0.177
2024.0,J. Rodriguez,Oakland Roots,46.52,-3.438952865,0.323,2634.0,12.53,3.0,10.31,0.723,0.681,0.762,0.259,0.454,0.606,1.225977441,0.642,0.301,0.408,0.355,0.663,0.28,0.227,0.323,0.191,0.17,-2.337987202,0.27
2024.0,M. Chéry,Oakland Roots,46.52,-10.14350857,0.039,1287.0,2.66,0.0,2.66,0.248,0.167,0.546,0.064,0.135,0.113,-3.885454934,0.138,0.468,0.149,0.188,0.177,0.018,0.085,0.869,0.245,0.043,-5.188681317,0.032
2025.0,R. Cicerone,Sacramento Republic,46.29,5.544407651,0.794,2025.0,7.39,2.0,5.91,0.461,0.518,0.291,0.511,0.404,0.801,0.4206082185,0.539,0.394,0.72,0.638,0.709,0.94,0.741,0.745,0.83,0.855,5.012462603,0.908
2025.0,D. Wanner,Sacramento Republic,46.29,2.972260825,0.667,1088.0,2.57,0.0,2.57,0.33,0.461,0.241,0.738,0.493,0.532,-0.6740319082,0.418,0.213,0.518,0.348,0.436,0.72,0.922,0.174,0.738,0.652,2.309919743,0.762
2025.0,L. Jamieson,Sacramento Republic,46.29,-2.872040465,0.344,928.0,2.95,0.0,2.95,0.532,0.546,0.606,0.645,0.713,0.401,0.4237725307,0.543,0.074,0.44,0.156,0.443,0.06,0.879,0.635,0.904,0.652,0.9331630878,0.66
2025.0,S. Herrera,Sacramento Republic,46.29,-5.52900053,0.248,1561.0,7.74,0.0,7.74,0.929,0.546,0.309,0.174,0.188,0.578,0.9296316351,0.603,0.826,0.27,0.514,0.344,0.33,0.067,0.915,0.248,0.493,-2.731065842,0.227
2024.0,T. Amang,Orange County SC,46.09,-1.131686066,0.429,1182.0,3.67,0.0,3.67,0.496,0.865,0.511,0.809,0.78,0.879,2.993672751,0.833,0.94,0.507,0.77,0.397,0.131,0.046,0.546,0.099,0.0,-4.834581334,0.043
2024.0,E. Zubak,Orange County SC,46.09,-6.678257558,0.156,2683.0,10.82,1.0,10.08,0.684,0.681,0.252,0.546,0.376,0.887,1.761703658,0.688,0.135,0.025,0.021,0.277,0.174,0.344,0.312,0.255,0.089,-3.668120521,0.11
2022.0,J. Adebayo-Smith,New York RB II,45.81,2.489243899,0.656,2657.0,5.88,1.0,5.14,0.177,0.326,0.216,0.518,0.33,0.521,-1.767761353,0.301,0.535,0.738,0.713,0.528,0.766,0.557,0.305,0.44,0.567,-0.1699965949,0.55
2022.0,Z. Ryan,New York RB II,45.81,-11.28113777,0.018,1027.0,2.08,0.0,2.08,0.223,0.103,0.252,0.174,0.149,0.085,-4.356658314,0.096,0.865,0.043,0.184,0.301,0.383,0.699,0.085,0.333,0.348,-2.121159298,0.294
2023.0,M. McNulty,Orange County SC,45.73,-0.04277684855,0.5,1151.0,4.66,0.0,4.66,0.759,0.415,0.674,0.621,0.741,0.259,0.3400941595,0.532,0.34,0.567,0.507,0.713,0.957,0.684,0.862,0.848,0.652,4.106350941,0.883
2023.0,T. Amang,Orange County SC,45.73,-0.8000889144,0.454,1609.0,5.5,2.0,4.02,0.365,0.77,0.532,0.89,0.833,0.908,2.601810597,0.794,0.965,0.305,0.681,0.316,0.312,0.152,0.043,0.06,0.17,-4.14331475,0.082
2023.0,L. Blackstock,Pittsburgh Riverhounds,45.69,6.89747263,0.862,1207.0,0.43,0.0,0.43,0.011,0.0,0.032,0.986,0.294,0.0,-6.560270081,0.025,0.238,0.996,0.993,0.057,0.894,0.968,0.645,0.957,0.926,5.506046413,0.933
2023.0,T. Showunmi,Pittsburgh Riverhounds,45.69,6.020670463,0.823,1175.0,5.59,0.0,5.59,0.897,0.606,0.39,0.489,0.447,0.578,1.617562245,0.677,0.95,0.167,0.479,0.819,0.911,0.858,0.457,0.823,0.855,3.975001596,0.865
2024.0,J. Etou,Pittsburgh Riverhounds,45.69,5.335232029,0.791,2615.0,3.01,0.0,3.01,0.039,0.06,0.039,0.092,0.028,0.156,-5.77014452,0.053,0.252,0.989,0.957,0.248,0.667,0.897,0.294,0.766,0.745,2.778994905,0.805
2023.0,J. Etou,Pittsburgh Riverhounds,45.69,4.171627648,0.72,2179.0,1.54,0.0,1.54,0.021,0.039,0.014,0.681,0.046,0.135,-6.23565396,0.035,0.181,1.0,0.986,0.082,0.638,0.83,0.152,0.585,0.745,0.6076171122,0.621
2023.0,A. Dikwa,Pittsburgh Riverhounds,45.69,3.508211495,0.695,2551.0,13.9,3.0,11.68,0.883,0.979,0.773,0.585,0.773,0.975,6.154279188,0.965,0.621,0.44,0.528,0.787,0.191,0.174,0.362,0.167,0.248,-1.751324438,0.34
2025.0,P. Goodrum,Louisville City,45.69,3.208391304,0.674,1938.0,10.28,1.0,9.54,0.926,0.957,0.94,0.674,0.908,0.784,5.560694819,0.94,0.184,0.489,0.284,0.95,0.216,0.174,0.195,0.124,0.567,-0.887289346,0.45
2025.0,R. Serrano,Louisville City,45.69,2.981266837,0.67,2221.0,4.32,0.0,4.32,0.184,0.447,0.206,0.56,0.358,0.564,-1.367017189,0.33,0.145,0.947,0.773,0.284,0.844,0.982,0.642,0.989,0.968,6.130530234,0.957
2024.0,E. Kizza,Pittsburgh Riverhounds,45.69,0.4375170323,0.532,2746.0,10.75,1.0,10.01,0.652,0.713,0.27,0.798,0.543,0.901,2.433582397,0.773,0.408,0.372,0.387,0.592,0.55,0.255,0.787,0.45,0.248,-0.9245473846,0.447
2023.0,E. Kizza,Pittsburgh Riverhounds,45.69,-5.158756738,0.266,1677.0,4.35,0.0,4.35,0.397,0.362,0.106,0.879,0.479,0.553,-0.7547824326,0.408,0.415,0.348,0.362,0.177,0.28,0.163,0.851,0.383,0.089,-2.866888363,0.202
2024.0,K. Sterling,Pittsburgh Riverhounds,45.69,-5.564120382,0.245,1220.0,5.18,1.0,4.44,0.649,0.387,0.234,0.34,0.238,0.436,-0.7300609822,0.415,0.461,0.415,0.44,0.174,0.312,0.461,0.546,0.539,0.248,-3.109593383,0.174
2024.0,E. Johnson,Pittsburgh Riverhounds,45.69,-7.054695416,0.124,1009.0,3.18,0.0,3.18,0.518,0.259,0.362,0.046,0.089,0.227,-2.700077542,0.22,0.915,0.301,0.624,0.564,0.043,0.287,0.546,0.365,0.348,-3.335127021,0.16
2024.0,A. Bibout,FC Tulsa,45.55,-7.45117517,0.11,1093.0,3.67,0.0,3.67,0.582,0.652,0.762,0.131,0.28,0.426,-0.1585112562,0.472,0.603,0.16,0.22,0.238,0.16,0.418,0.443,0.415,0.248,-3.198288322,0.167
2024.0,S. Stojanovic,FC Tulsa,45.55,-9.824849628,0.043,2560.0,7.87,1.0,7.13,0.44,0.167,0.305,0.376,0.323,0.248,-2.265372384,0.252,0.085,0.018,0.004,0.39,0.28,0.376,0.312,0.298,0.248,-2.823868564,0.209
2024.0,E. Collier,Indy Eleven,45.37,9.697260305,0.929,914.0,2.52,0.0,2.52,0.433,0.904,0.348,0.379,0.362,0.954,2.51261638,0.78,0.734,0.358,0.557,0.922,0.812,0.755,0.085,0.404,0.89,3.671799443,0.858
2023.0,D. Martìnez,Indy Eleven,45.37,1.895610587,0.638,2395.0,5.94,0.0,5.94,0.358,0.206,0.064,0.784,0.344,0.326,-2.145401411,0.259,0.351,0.404,0.394,0.429,0.72,0.915,0.486,0.879,0.567,3.096116658,0.819
2024.0,D. Martìnez,Indy Eleven,45.37,-1.289415034,0.418,2086.0,3.26,0.0,3.26,0.106,0.227,0.032,0.152,0.032,0.801,-2.905092411,0.202,0.103,0.188,0.074,0.429,0.894,0.975,0.103,0.73,0.887,3.38584792,0.837
2024.0,A. Williams,Indy Eleven,45.37,-5.917180934,0.227,2544.0,11.11,1.0,10.37,0.773,0.631,0.848,0.571,0.816,0.415,1.61497544,0.674,0.589,0.138,0.199,0.567,0.113,0.216,0.131,0.121,0.089,-3.537662466,0.124
2024.0,R. Williams,Indy Eleven,45.37,-6.295799848,0.195,1987.0,6.97,2.0,5.49,0.436,0.167,0.695,0.248,0.415,0.142,-2.373357901,0.248,0.596,0.067,0.124,0.585,0.535,0.677,0.546,0.713,0.652,0.4266229023,0.606
2023.0,S. Guenzatti,Indy Eleven,45.37,-6.386020123,0.184,3217.0,9.51,1.0,8.77,0.422,0.606,0.128,0.759,0.408,0.851,0.686267488,0.567,0.511,0.277,0.312,0.461,0.312,0.085,0.433,0.113,0.248,-2.416250884,0.259
2025.0,K. Edwards,Hartford Athletic,45.2,6.799643063,0.858,1282.0,9.15,2.0,7.67,0.986,0.975,0.933,0.791,0.936,0.943,7.687434118,0.986,0.188,0.55,0.337,0.801,0.812,0.252,0.043,0.074,0.567,-0.540227151,0.493
2025.0,E. Samadia,Hartford Athletic,45.2,-0.4289098248,0.475,2269.0,0.34,0.0,0.34,0.0,0.0,0.0,0.0,0.0,0.0,-9.447777057,0.0,0.255,0.918,0.791,0.004,0.706,1.0,0.301,0.954,0.986,4.33129556,0.89
2025.0,M. Dieng,Hartford Athletic,45.2,-4.185213235,0.312,1649.0,9.24,2.0,7.76,0.89,0.518,0.539,0.67,0.688,0.709,2.164175942,0.745,0.277,0.585,0.457,0.248,0.411,0.326,0.135,0.156,0.17,-3.513747035,0.128
2025.0,A. Obalola,Hartford Athletic,45.2,-6.494540226,0.177,1022.0,1.24,0.0,1.24,0.053,0.259,0.021,0.316,0.043,0.908,-2.48094696,0.234,0.309,0.624,0.521,0.085,0.191,0.78,0.546,0.77,0.043,-3.400686017,0.145
2023.0,T. Oluwaseyi,San Antonio,45.03,11.41735505,0.968,2410.0,14.33,0.0,14.33,0.982,0.982,0.979,0.567,0.918,0.773,6.828931115,0.979,0.78,0.667,0.755,0.936,0.638,0.27,0.645,0.376,0.745,0.639419828,0.631
2023.0,J. Dhillon,San Antonio,45.03,3.431142945,0.684,981.0,3.44,0.0,3.44,0.61,0.532,0.89,0.809,0.933,0.227,1.11544776,0.631,0.755,0.262,0.45,0.982,0.865,0.688,0.064,0.234,0.567,1.711027283,0.72
2023.0,I. Jome,San Antonio,45.03,3.350109715,0.677,1377.0,0.24,0.0,0.24,0.004,0.0,0.007,0.014,0.004,0.0,-9.041817263,0.004,0.326,0.986,0.982,0.011,0.996,0.989,0.528,0.968,0.855,4.086073095,0.879
2023.0,I. Bailone,San Antonio,45.03,-2.56564825,0.351,1374.0,3.98,0.0,3.98,0.457,0.652,0.465,0.22,0.255,0.61,-0.1109199113,0.489,0.645,0.578,0.656,0.809,0.241,0.706,0.124,0.429,0.089,-2.03611996,0.305
2023.0,S. Patiño,San Antonio,45.03,-4.300168373,0.309,1244.0,5.78,1.0,5.04,0.762,0.833,0.922,0.355,0.706,0.663,2.591963136,0.791,0.564,0.17,0.234,0.759,0.113,0.539,0.241,0.379,0.043,-3.431918573,0.142
2025.0,Rodrigo Da Costa,North Carolina FC,44.88,1.446622674,0.599,930.0,1.55,0.0,1.55,0.124,0.301,0.326,0.174,0.195,0.277,-3.062458457,0.195,0.326,0.901,0.83,0.085,0.883,0.89,0.142,0.677,0.968,4.003844743,0.869
2025.0,O. Anderson,North Carolina FC,44.88,0.6004907468,0.546,1389.0,7.48,0.0,7.48,0.968,0.77,0.876,0.259,0.539,0.436,2.524157517,0.784,0.812,0.44,0.66,0.858,0.695,0.433,0.067,0.138,0.411,-1.086138479,0.422
2025.0,E. Conway,North Carolina FC,44.88,-2.480088874,0.358,1601.0,5.92,0.0,5.92,0.667,0.918,0.621,0.511,0.578,0.89,3.403766466,0.855,0.082,0.472,0.174,0.691,0.312,0.085,0.961,0.348,0.043,-2.488398345,0.245
2025.0,J. Servania,North Carolina FC,44.88,-9.558864187,0.05,1491.0,0.43,0.0,0.43,0.007,0.142,0.004,0.943,0.05,0.968,-3.067785073,0.191,0.004,0.975,0.429,0.0,0.089,0.677,0.816,0.809,0.043,-3.596075934,0.117
2025.0,P. Burner,North Carolina FC,44.88,-14.78424154,0.0,1768.0,0.74,0.0,0.74,0.018,0.0,0.028,0.011,0.007,0.0,-8.70741319,0.007,0.011,0.504,0.064,0.014,0.241,0.812,0.195,0.592,0.089,-2.898973261,0.199
2024.0,Luis Pedro,Miami,44.7,0.3147974657,0.528,923.0,1.49,0.0,1.49,0.117,0.546,0.177,0.968,0.777,0.752,0.262939888,0.525,0.805,0.365,0.589,0.018,0.241,0.784,0.266,0.631,0.855,-1.426233405,0.379
2024.0,A. Gavilanes,Miami,44.7,-4.526061093,0.298,2740.0,4.15,0.0,4.15,0.096,0.213,0.411,0.294,0.326,0.174,-3.330971224,0.17,0.663,0.876,0.887,0.021,0.16,0.589,0.142,0.33,0.411,-3.679692166,0.106
2024.0,F. López,Miami,44.7,-6.347796233,0.188,1926.0,7.17,0.0,7.17,0.677,0.652,0.752,0.145,0.298,0.418,0.1398379155,0.514,0.635,0.635,0.684,0.365,0.55,0.191,0.195,0.128,0.652,-2.405373895,0.262
2024.0,M. Lawrence,Miami,44.7,-6.840188998,0.145,1088.0,1.34,0.0,1.34,0.057,0.461,0.039,0.968,0.252,0.982,-0.1363291156,0.482,0.876,0.645,0.809,0.035,0.174,0.149,0.043,0.057,0.248,-6.585681856,0.0
2022.0,C. Volesky,Monterey Bay FC,43.94,-0.9724523473,0.433,1871.0,8.53,0.0,8.53,0.879,0.681,0.603,0.887,0.848,0.55,2.689539936,0.801,0.199,0.135,0.092,0.809,0.667,0.128,0.681,0.213,0.745,0.2412715362,0.589
2022.0,S. Adeniran,San Antonio,43.42,10.84122643,0.954,1929.0,8.57,0.0,8.57,0.862,0.933,0.993,0.652,0.975,0.496,4.685764277,0.911,0.961,0.702,0.872,0.972,0.216,0.83,0.121,0.546,0.411,-0.06944406512,0.564
2022.0,E. Collier,San Antonio,43.42,4.623097084,0.752,1355.0,4.48,0.0,4.48,0.564,0.518,0.706,0.667,0.791,0.301,0.2948344812,0.528,0.972,0.699,0.876,0.752,0.411,0.777,0.426,0.706,0.248,-0.1260532972,0.557
2022.0,S. Patiño,San Antonio,43.42,4.580421944,0.748,1196.0,7.77,2.0,6.29,0.954,0.986,0.965,0.631,0.926,0.933,7.233125209,0.982,0.681,0.202,0.319,0.723,0.667,0.525,0.468,0.528,0.652,-0.07603381673,0.56
2022.0,I. Bailone,San Antonio,43.42,3.737600859,0.706,969.0,2.94,0.0,2.94,0.479,0.933,0.557,0.926,0.865,0.947,4.608655227,0.901,0.518,0.291,0.351,0.628,0.433,0.699,0.035,0.142,0.248,-2.06405849,0.301
2022.0,J. Dhillon,San Antonio,43.42,0.6061669519,0.55,2386.0,6.49,2.0,5.01,0.259,0.301,0.379,0.411,0.397,0.337,-2.004293688,0.287,0.578,0.195,0.266,0.592,0.872,0.525,0.468,0.528,0.911,2.504394765,0.787
2025.0,M. Foster,Indy Eleven,43.0,4.38663255,0.741,1663.0,2.44,0.0,2.44,0.089,0.213,0.287,0.089,0.117,0.216,-3.970306055,0.131,0.762,0.961,0.975,0.684,0.411,0.89,0.394,0.816,0.348,1.453448303,0.702
2025.0,E. Amoh,Indy Eleven,43.0,-1.41438667,0.404,1233.0,5.46,0.0,5.46,0.858,0.713,0.557,0.699,0.709,0.656,2.431162842,0.77,0.73,0.394,0.567,0.592,0.461,0.06,0.762,0.163,0.248,-2.375688311,0.266
2025.0,R. Williams,Indy Eleven,43.0,-5.83101634,0.23,1339.0,3.77,0.0,3.77,0.447,0.791,0.496,0.131,0.191,0.787,0.5398039881,0.55,0.794,0.092,0.252,0.365,0.241,0.482,0.401,0.443,0.745,-1.221543902,0.397
2025.0,E. Kizza,Indy Eleven,43.0,-11.05655511,0.028,1217.0,3.77,0.0,3.77,0.489,0.387,0.188,0.238,0.156,0.468,-1.328421746,0.337,0.025,0.053,0.011,0.5,0.131,0.216,1.0,0.84,0.0,-1.928834467,0.323
