year,team,points,standarised_points_score,position,positon_reversed,adjusted_position_z_score,composite_team_score,total_score,attacking_score_6,defensive_score_8,ball_progression_6,xg_diff,possesion_threat,goals,conceded_goals,xg,shots_on_target,possession_pct,passes_accurate,points_order_within_year,composite_order_within_year,underlying_minus_results_order_within_year
2022.0,Louisville City,72.0,2.05230727,1.0,-1,1.586865808,1.819586539,14.20853658,6.311747213,9.312859584,2.958368092,0.88,0.4129120566,1.86,0.89,1.81,13.24,54.54,438.35,2,2,0
2023.0,San Antonio,56.0,0.8101006535,4.0,-4,0.7527080295,0.7814043415,9.33541934,2.944490814,7.456010849,2.18066614,0.42,0.5887137379,1.81,1.14,1.52,13.44,45.03,258.19,7,7,0
2025.0,Louisville City,73.0,2.129945184,1.0,-1,1.586865808,1.858405496,10.10456028,3.988629301,6.84569995,2.161201937,0.7,0.48687292,1.81,0.65,1.58,12.94,45.69,324.52,1,1,0
2024.0,Indy Eleven,51.0,0.4219110858,4.0,-4,0.7527080295,0.5873095576,3.64659176,1.55412969,2.959872526,0.9084074874,-0.03,0.3891718652,1.46,1.51,1.36,11.54,45.37,349.46,6,7,1
2023.0,Indy Eleven,49.0,0.2666352587,6.0,-6,0.1966028435,0.2316190511,3.64659176,1.55412969,2.959872526,0.9084074874,-0.03,0.3891718652,1.46,1.51,1.36,11.54,45.37,349.46,11,11,0
2025.0,FC Tulsa,57.0,0.8877385671,1.0,-1,1.586865808,1.237302188,9.346198235,3.798280785,6.299878725,2.254422507,0.53,0.5605343537,1.68,0.98,1.67,13.08,46.6,297.93,3,3,0
2022.0,Rio Grande Valley,49.0,0.2666352587,6.0,-6,0.1966028435,0.2316190511,7.114047558,2.161000385,5.865163721,1.307996195,0.4,0.3609030042,1.46,1.23,1.45,13.11,51.78,401.77,13,13,0
2025.0,Pittsburgh Riverhounds,44.0,-0.1215543091,4.0,-4,0.7527080295,0.3155768602,5.684488307,0.03758417797,7.196376167,0.1679024799,0.28,0.2894109636,0.97,0.82,1.19,9.41,50.64,411.18,7,7,0
2024.0,Louisville City,76.0,2.362858925,1.0,-1,1.586865808,1.974862366,12.59209939,7.052676,5.397248409,4.052159615,0.84,0.5693179293,2.47,1.33,2.05,15.47,47.14,360.08,1,1,0
2022.0,San Antonio,77.0,2.440496838,1.0,-1,1.586865808,2.013681323,7.942309991,2.118369083,7.062010156,1.170217053,0.46,0.5592155661,1.68,0.73,1.46,12.92,43.42,261.08,1,1,0
2022.0,Birmingham Legion,58.0,0.9653764806,4.0,-4,0.7527080295,0.859042255,11.98340604,6.611782385,4.534326604,4.966534226,0.68,0.4496739864,1.66,1.11,1.8,14.46,49.76,400.29,6,7,1
2024.0,Tampa Bay Rowdies,50.0,0.3442731722,6.0,-6,0.1966028435,0.2704380079,10.7452366,6.617270268,3.779366924,4.210636425,0.55,0.4684322961,1.58,1.36,1.82,14.42,50.91,388.53,9,11,2
2024.0,Rhode Island,51.0,0.4219110858,5.0,-5,0.4746554365,0.4482832611,7.276807874,3.180664184,5.088523987,1.517998869,0.34,0.4096766666,1.74,1.31,1.58,12.05,50.57,385.67,7,9,2
2022.0,New York RB II,15.0,-2.373053802,14.0,-14,-2.0278179,-2.200435851,-8.467892513,-5.46113847,-0.1496306343,-3.52013447,-1.38,0.253581426,0.71,2.24,0.77,8.62,45.81,303.65,27,27,0
2024.0,Pittsburgh Riverhounds,48.0,0.1889973451,7.0,-7,-0.08144974946,0.05377379783,6.101495862,1.283694253,5.841423516,0.7174121476,0.38,0.3592181722,1.17,0.83,1.36,10.11,45.69,378.6,12,13,1
2023.0,Pittsburgh Riverhounds,67.0,1.664117703,1.0,-1,1.586865808,1.625491755,6.101495862,1.283694253,5.841423516,0.7174121476,0.38,0.3592181722,1.17,0.83,1.36,10.11,45.69,378.6,1,1,0
2022.0,Detroit City,54.0,0.6548248264,7.0,-7,-0.08144974946,0.2866875385,3.932746955,0.7682452633,5.007052665,-0.440015853,0.1,0.3293405222,1.29,0.94,1.24,9.91,47.25,376.51,10,12,2
2023.0,Louisville City,50.0,0.3442731722,5.0,-5,0.4746554365,0.4094643043,6.894486811,1.731939535,6.122838516,1.38873741,0.31,0.3692228247,1.27,1.27,1.43,12.49,49.68,387.3,10,10,0
2022.0,Phoenix Rising,42.0,-0.2768301362,10.0,-10,-0.9156075284,-0.5962188323,4.43374234,4.009936001,0.4117310355,2.829415095,-0.19,0.3926871766,1.47,1.71,1.51,14.85,48.75,384.53,17,19,2
2023.0,Colorado Springs,53.0,0.5771869129,5.0,-5,0.4746554365,0.5259211747,3.378124751,1.380042887,2.74692916,0.9312624816,-0.04,0.3123742812,1.4,1.23,1.32,11.43,51.35,422.57,8,9,1
2023.0,Detroit City,41.0,-0.3544680497,8.0,-8,-0.3595023424,-0.3569851961,-2.748911195,-3.538726714,2.907646217,-2.269647864,-0.55,0.2915536055,0.86,1.19,1.01,9.53,46.56,346.42,18,16,-2
2025.0,Sacramento Republic,48.0,0.1889973451,2.0,-2,1.308813215,0.7489052803,6.371944849,1.372463843,5.743530766,0.6409314157,0.56,0.381214592,1.42,0.87,1.44,10.77,46.29,377.74,4,4,0
2025.0,Indy Eleven,35.0,-0.820295531,9.0,-9,-0.6375549354,-0.7289252332,-0.5345136728,-1.17408862,1.821293199,-1.219566796,-0.15,0.3654382162,1.47,1.73,1.18,9.87,43.0,322.9,18,18,0
2022.0,Pittsburgh Riverhounds,57.0,0.8877385671,5.0,-5,0.4746554365,0.6811970018,9.762447542,4.003584856,6.923636818,2.123404346,0.49,0.3625730994,1.5,1.17,1.55,10.92,50.52,427.5,7,8,1
2023.0,Las Vegas Lights,19.0,-2.062502148,12.0,-12,-1.471712714,-1.767107431,0.5531284547,-0.1186954217,2.31582651,-0.5837830472,-0.35,0.3794117647,1.06,1.94,1.29,12.7,47.21,340.0,23,23,0
2022.0,Oakland Roots,46.0,0.03372151801,7.0,-7,-0.08144974946,-0.02386411572,5.141456195,2.616471388,3.426259857,1.060211069,0.17,0.3383865728,1.5,1.36,1.5,10.89,52.67,443.28,14,14,0
2022.0,Charleston Battery,25.0,-1.596674667,12.0,-12,-1.471712714,-1.53419369,0.2149220636,0.2755860081,0.9015542986,-0.2060435899,-0.27,0.3550389228,1.21,2.26,1.35,11.82,50.29,380.24,25,25,0
2025.0,Loudoun United,42.0,-0.2768301362,6.0,-6,0.1966028435,-0.04011364634,5.014493733,3.047603494,2.325696846,2.509323708,-0.14,0.3284549212,1.45,1.58,1.47,12.42,52.9,447.55,9,11,2
2023.0,Oakland Roots,42.0,-0.2768301362,10.0,-10,-0.9156075284,-0.5962188323,3.432468785,0.7337425817,3.07399956,0.7053500072,0.18,0.3311715192,1.32,1.41,1.44,11.12,51.64,434.82,17,19,2
2023.0,Charleston Battery,59.0,1.043014394,3.0,-3,1.030760622,1.036887508,4.292001042,-0.3571912018,5.97616877,-0.5877072158,0.39,0.3674500498,1.5,1.21,1.44,11.37,51.79,391.89,4,5,1
2025.0,Rhode Island,38.0,-0.5873817904,7.0,-7,-0.08144974946,-0.3344157699,2.97804575,-1.364556272,5.95356297,-0.8567171155,0.14,0.2664405959,0.94,0.91,1.1,10.48,51.67,412.85,14,14,0
2024.0,Monterey Bay FC,34.0,-0.8979334446,11.0,-11,-1.193660121,-1.045796783,-1.069553445,-0.6116968195,-0.4975951235,0.213158885,-0.26,0.2879146087,0.85,1.29,1.23,10.29,49.08,427.21,22,22,0
2022.0,Sacramento Republic,53.0,0.5771869129,4.0,-4,0.7527080295,0.6649474712,5.816103539,2.504888159,4.168446349,0.994382012,0.32,0.3695582547,1.42,1.0,1.5,13.28,48.87,405.89,11,9,-2
2024.0,Colorado Springs,52.0,0.4995489993,2.0,-2,1.308813215,0.9041811074,5.106467622,1.569036506,3.991447848,1.601973898,0.13,0.379565039,1.47,1.08,1.48,12.87,50.24,389.92,5,5,0
2022.0,Tampa Bay Rowdies,67.0,1.664117703,3.0,-3,1.030760622,1.347439162,12.48817376,6.250020937,6.20264678,3.875980479,0.83,0.3997627781,2.08,0.95,1.82,12.7,52.39,455.27,4,4,0
2024.0,Charleston Battery,64.0,1.431203962,2.0,-2,1.308813215,1.370008589,11.2093718,4.529143743,6.452703478,3.740507257,0.71,0.3636287204,1.92,1.03,1.73,14.08,58.38,475.76,2,2,0
2022.0,Memphis 901,68.0,1.741755616,2.0,-2,1.308813215,1.525284416,9.084944283,4.042711164,5.187805124,3.039201928,0.45,0.4110584756,1.94,0.97,1.64,12.72,50.62,398.97,3,3,0
2025.0,El Paso Locomotive,41.0,-0.3544680497,4.0,-4,0.7527080295,0.1991199899,1.940685256,0.2942353913,2.901419013,-0.3644786636,-0.04,0.3028929858,1.52,1.48,1.27,11.74,53.25,419.29,10,8,-2
2022.0,Miami,55.0,0.73246274,6.0,-6,0.1966028435,0.4645327917,2.792966127,0.4924145116,2.827660098,0.2785899155,0.16,0.3217349857,1.37,1.0,1.35,10.63,49.1,419.6,8,10,2
2023.0,Miami,41.0,-0.3544680497,9.0,-9,-0.6375549354,-0.4960114926,-2.450252638,-2.628211317,1.485871354,-2.256439537,-0.18,0.2884141909,1.26,1.29,1.23,8.97,48.81,426.47,19,18,-1
2024.0,San Antonio,39.0,-0.5097438768,9.0,-9,-0.6375549354,-0.5736494061,-1.103087868,-2.597964494,3.261696362,-2.116569747,-0.18,0.3077775384,1.06,1.44,1.0,9.41,47.59,324.91,20,19,-1
2024.0,North Carolina FC,48.0,0.1889973451,8.0,-8,-0.3595023424,-0.08525249866,3.075831233,0.1745745472,3.993037582,-0.7410844425,0.34,0.3673361522,1.6,1.31,1.39,11.6,46.54,378.4,13,14,1
2025.0,Detroit City,37.0,-0.6650197039,8.0,-8,-0.3595023424,-0.5122610232,0.2590437604,-3.277554854,6.196015417,-2.56700583,-0.15,0.235580408,1.06,1.09,0.91,8.88,52.57,386.28,15,15,0
2022.0,New Mexico United,51.0,0.4219110858,5.0,-5,0.4746554365,0.4482832611,4.741638945,0.7637247409,5.359160628,0.1668684753,0.2,0.3663679494,1.4,1.2,1.39,11.49,50.1,379.4,12,11,-1
2022.0,Indy Eleven,41.0,-0.3544680497,9.0,-9,-0.6375549354,-0.4960114926,-3.726763738,-2.831590049,0.6655843677,-2.20523576,-0.51,0.2742348589,1.21,1.62,1.06,8.94,46.6,386.53,19,18,-1
2023.0,Rio Grande Valley,43.0,-0.1991922226,9.0,-9,-0.6375549354,-0.418373579,2.510737652,-0.142859184,3.458705599,0.5268622839,-0.09,0.288526816,1.26,1.41,1.19,11.62,50.33,412.44,16,17,1
2024.0,Sacramento Republic,49.0,0.2666352587,5.0,-5,0.4746554365,0.3706453476,5.815767904,1.908964111,4.199257014,1.415686955,0.38,0.3798300504,1.31,0.97,1.56,12.06,49.69,410.71,11,10,-1
2024.0,Loudoun United,44.0,-0.1215543091,11.0,-11,-1.193660121,-0.6576072152,4.462382099,1.650544055,2.829900742,1.634298447,0.18,0.3076155637,1.29,1.15,1.48,10.88,52.07,481.12,16,20,4
2023.0,Birmingham Legion,46.0,0.03372151801,7.0,-7,-0.08144974946,-0.02386411572,1.662670624,-0.1459697154,1.933347708,0.7557473076,-0.05,0.3440599069,1.33,1.53,1.36,11.42,49.16,395.28,14,14,0
2025.0,Lexington,36.0,-0.7426576175,9.0,-9,-0.6375549354,-0.6901062764,1.666763616,-0.3738717779,3.349681198,-0.5576529607,-0.05,0.2975609756,1.03,1.4,1.22,10.2,52.41,410.0,17,17,0
2023.0,San Diego Loyal,57.0,0.8877385671,3.0,-3,1.030760622,0.9592495947,5.329384733,2.461329235,4.149107591,0.2352594363,0.34,0.3517511088,1.83,1.31,1.61,11.94,56.61,457.71,5,6,1
2024.0,New Mexico United,59.0,1.043014394,1.0,-1,1.586865808,1.314940101,5.296953209,2.789446395,2.961802024,2.009103047,0.04,0.3279645978,1.33,1.28,1.46,11.53,53.94,445.17,3,3,0
2024.0,Birmingham Legion,45.0,-0.04391639554,9.0,-9,-0.6375549354,-0.3407356655,0.2736332397,0.2889564471,-0.5929833565,1.403845242,-0.23,0.2997281535,1.3,1.55,1.29,12.64,49.34,430.39,15,17,2
2022.0,San Diego Loyal,60.0,1.120652308,2.0,-2,1.308813215,1.214732762,7.510284718,4.689548326,3.985471501,0.8777512165,0.56,0.4172971981,1.94,1.66,1.82,12.69,55.63,436.14,5,5,0
2022.0,Monterey Bay FC,40.0,-0.4321059633,12.0,-12,-1.471712714,-0.9519093388,-2.261806263,-1.042279357,0.2856147116,-1.819859736,-0.35,0.3406743743,1.24,1.74,1.27,9.79,43.94,372.79,20,22,2
2023.0,Memphis 901,52.0,0.4995489993,4.0,-4,0.7527080295,0.6261285144,6.772057551,2.190645925,5.189682457,2.199934999,0.15,0.3111176956,1.71,1.54,1.47,12.26,55.32,472.49,9,8,-1
2025.0,Charleston Battery,62.0,1.275928135,2.0,-2,1.308813215,1.292370675,8.245072262,2.3412516,5.792414593,2.955835019,0.41,0.3236442341,1.9,1.07,1.6,12.93,59.61,494.37,2,2,0
2025.0,Tampa Bay Rowdies,34.0,-0.8979334446,10.0,-10,-0.9156075284,-0.9067704865,-0.2717593122,-2.071476079,2.875420152,-0.9330939178,-0.18,0.2828573555,1.43,1.67,1.14,10.23,49.62,403.03,19,19,0
2022.0,Colorado Springs,55.0,0.73246274,3.0,-3,1.030760622,0.8816116812,5.195983352,1.651322244,4.285454843,1.332730723,0.13,0.3454315462,1.73,1.51,1.42,11.95,52.16,411.08,9,6,-3
2022.0,Orange County SC,34.0,-0.8979334446,13.0,-13,-1.749765307,-1.323849376,0.2167205364,-1.735111539,3.485098037,-1.475527574,-0.08,0.2979737783,1.45,1.76,1.15,10.79,47.95,385.94,23,24,1
2024.0,Hartford Athletic,44.0,-0.1215543091,10.0,-10,-0.9156075284,-0.5185809187,-1.95901065,-0.1606659533,-0.9511729576,-0.8800602906,-0.36,0.3457796816,1.15,1.53,1.34,10.06,48.96,387.53,17,18,1
2023.0,Monterey Bay FC,41.0,-0.3544680497,11.0,-11,-1.193660121,-0.7740640855,-3.108178755,-2.431683239,0.178357661,-1.573480534,-0.35,0.2757010506,1.21,1.58,1.11,8.67,46.54,402.61,20,21,1
2024.0,Phoenix Rising,42.0,-0.2768301362,8.0,-8,-0.3595023424,-0.3181662393,2.48153144,-0.2935613968,3.250523564,0.6963383574,-0.03,0.2585863944,0.97,1.17,1.17,10.71,56.51,452.46,19,16,-3
2023.0,New Mexico United,46.0,0.03372151801,8.0,-8,-0.3595023424,-0.1628904122,1.216430933,-0.6548879476,2.706642307,-0.3506212785,-0.02,0.3090475495,1.46,1.43,1.27,10.57,50.42,410.94,15,15,0
2025.0,Miami,30.0,-1.208485099,11.0,-11,-1.193660121,-1.20107261,-1.313937866,-1.544418138,2.205177711,-2.137822299,-0.27,0.3249390739,0.97,1.47,1.2,10.57,48.65,369.3,21,21,0
2024.0,FC Tulsa,38.0,-0.5873817904,10.0,-10,-0.9156075284,-0.7514946594,-3.493529311,-2.1787464,0.009382734339,-1.169407194,-0.73,0.3251401981,0.97,1.41,1.09,9.97,45.55,335.24,21,21,0
2024.0,Las Vegas Lights,50.0,0.3442731722,4.0,-4,0.7527080295,0.5484906008,3.55593689,1.000608353,3.18056016,1.566163419,-0.19,0.2555331992,1.35,1.27,1.27,12.24,59.94,497.0,10,8,-2
2023.0,Phoenix Rising,48.0,0.1889973451,6.0,-6,0.1966028435,0.1928000943,1.253985096,0.2046431068,2.063874484,-0.8636771949,0.11,0.2932488548,1.66,1.21,1.37,10.76,55.5,467.18,12,12,0
2025.0,Hartford Athletic,44.0,-0.1215543091,5.0,-5,0.4746554365,0.1765505637,1.497332309,-0.3228185735,2.734864551,-1.065031721,0.25,0.4521430972,1.47,1.2,1.48,9.77,45.2,327.33,8,9,1
2022.0,Loudoun United,28.0,-1.363760926,11.0,-11,-1.193660121,-1.278710524,-4.529911101,-1.364600096,-2.440386898,-1.052712912,-0.7,0.2836165687,1.06,2.18,1.24,10.18,50.78,437.21,24,23,-1
2025.0,Colorado Springs,37.0,-0.6650197039,8.0,-8,-0.3595023424,-0.5122610232,1.651556316,-0.7880108009,4.015312163,-1.137150875,0.04,0.3299890891,1.17,1.43,1.24,11.43,51.61,375.77,16,16,0
2023.0,Loudoun United,25.0,-1.596674667,11.0,-11,-1.193660121,-1.395167394,-2.356479438,-1.386513685,0.4463312081,-0.7476346006,-0.71,0.2672648308,1.06,1.79,1.12,10.21,50.57,419.06,22,22,0
2024.0,Memphis 901,51.0,0.4219110858,3.0,-3,1.030760622,0.7263358541,5.313625219,1.67830802,3.833981718,2.102518824,0.09,0.3409147464,1.49,1.2,1.37,13.06,50.52,401.86,8,6,-2
2023.0,Hartford Athletic,18.0,-2.140140061,12.0,-12,-1.471712714,-1.805926388,-3.162784845,-1.213071654,-1.066045081,-0.883440862,-0.59,0.2955200159,1.18,2.32,1.19,9.56,49.4,402.68,24,24,0
2023.0,Tampa Bay Rowdies,63.0,1.353566048,2.0,-2,1.308813215,1.331189632,1.973398909,0.09383000319,2.230794331,0.09058852581,0.15,0.3396199147,1.71,1.2,1.41,10.63,49.56,415.17,3,3,0
2024.0,Oakland Roots,44.0,-0.1215543091,7.0,-7,-0.08144974946,-0.1015020293,-1.120891014,-2.430263323,2.007773167,-0.79638705,-0.23,0.3079065035,1.06,1.69,1.15,9.91,46.52,373.49,18,15,-3
2023.0,Orange County SC,57.0,0.8877385671,2.0,-2,1.308813215,1.098275891,3.77744119,0.4384891881,4.090066488,-0.2194248024,0.41,0.3558994197,1.33,1.14,1.38,11.36,45.73,387.75,6,4,-2
2022.0,El Paso Locomotive,46.0,0.03372151801,8.0,-8,-0.3595023424,-0.1628904122,6.378528844,3.440732741,3.549940728,2.239015014,0.09,0.3249104944,1.65,1.53,1.57,12.44,59.23,483.21,15,15,0
2025.0,New Mexico United,48.0,0.1889973451,3.0,-3,1.030760622,0.6098789838,1.284014821,-1.184719067,3.125526555,0.4000946057,-0.21,0.2629272568,1.53,1.28,1.26,9.69,58.96,479.22,5,5,0
2025.0,Birmingham Legion,27.0,-1.441398839,12.0,-12,-1.471712714,-1.456555777,-3.128693709,-3.033631472,1.195810785,-2.350871866,-0.26,0.3004636465,1.2,1.67,1.16,9.4,49.44,386.07,23,23,0
2023.0,Sacramento Republic,64.0,1.431203962,1.0,-1,1.586865808,1.509034885,3.468909904,0.5206926334,4.264568071,-0.7267343777,0.32,0.3333086438,1.51,0.78,1.35,11.03,48.42,405.03,2,2,0
2022.0,Hartford Athletic,36.0,-0.7426576175,10.0,-10,-0.9156075284,-0.8291325729,-2.088653533,0.3232383118,-2.204252437,-0.07090805169,-0.41,0.3068911002,1.38,1.68,1.32,10.15,48.3,430.12,22,21,-1
2022.0,FC Tulsa,42.0,-0.2768301362,8.0,-8,-0.3595023424,-0.3181662393,-0.7435419591,0.4201612783,-0.3625372166,-0.07717511461,-0.41,0.3196590304,1.41,1.71,1.32,11.85,49.49,412.94,18,16,-2
2024.0,Detroit City,56.0,0.8101006535,3.0,-3,1.030760622,0.920430638,0.9592649553,-1.53451797,4.093659432,-1.558559697,0.05,0.3125859611,1.34,0.94,1.25,10.23,51.44,399.89,4,4,0
2024.0,Orange County SC,46.0,0.03372151801,6.0,-6,0.1966028435,0.1151621808,-4.908171509,-2.902734283,-1.269359454,-2.267685723,-0.37,0.271532254,1.11,1.28,1.07,9.19,46.09,394.06,14,12,-2
2025.0,San Antonio,40.0,-0.4321059633,6.0,-6,0.1966028435,-0.1177515599,0.9916984804,-1.60168321,4.734788881,-1.941343333,-0.02,0.3166446054,1.26,1.29,1.22,10.61,53.33,385.29,11,12,1
2025.0,Orange County SC,39.0,-0.5097438768,7.0,-7,-0.08144974946,-0.2955968132,-0.5714053433,-1.024849012,1.323535896,-1.203398325,-0.04,0.3246423861,1.41,1.47,1.28,10.75,49.45,394.28,13,13,0
2022.0,Atlanta United II,23.0,-1.751950494,13.0,-13,-1.749765307,-1.7508579,-10.34646082,-2.503309328,-5.855692798,-3.608660805,-1.28,0.2721989259,1.15,2.5,1.11,9.71,49.82,407.79,26,26,0
2025.0,Monterey Bay FC,29.0,-1.286123012,11.0,-11,-1.193660121,-1.239891567,-0.5978051808,-1.573768692,2.099066898,-1.261605286,-0.13,0.3330580787,0.9,1.5,1.21,9.5,47.09,363.3,22,22,0
2025.0,North Carolina FC,45.0,-0.04391639554,3.0,-3,1.030760622,0.4934221134,-4.016046708,-3.290401586,1.147873979,-3.198768478,-0.34,0.3138713709,1.28,1.28,1.08,9.69,44.88,344.09,6,6,0
2025.0,Phoenix Rising,40.0,-0.4321059633,5.0,-5,0.4746554365,0.0212747366,-0.8246124749,-1.752380983,2.290437561,-1.699871,-0.11,0.3002326803,1.53,1.53,1.2,9.22,51.35,399.69,12,10,-2
2022.0,LA Galaxy II,40.0,-0.4321059633,11.0,-11,-1.193660121,-0.8128830423,-0.2838097504,1.491798085,-1.219834578,-0.3998462537,-0.11,0.3569985181,1.56,1.85,1.59,11.59,52.24,445.38,21,20,-1
2024.0,El Paso Locomotive,32.0,-1.053209272,12.0,-12,-1.471712714,-1.262460993,-1.258783736,-1.414018384,1.016382364,-0.9937579364,-0.23,0.290292889,0.79,1.35,1.23,10.82,52.22,423.71,23,23,0
2025.0,Oakland Roots,32.0,-1.053209272,10.0,-10,-0.9156075284,-0.9844084,-1.74804185,-2.890220263,2.742775104,-2.082878571,-0.24,0.2715969402,1.4,1.73,1.09,8.9,48.97,401.33,20,20,0
2022.0,Las Vegas Lights,45.0,-0.04391639554,9.0,-9,-0.6375549354,-0.3407356655,-7.767254937,-3.933016272,-2.50322603,-3.676447406,-0.6,0.2558122037,1.18,1.48,1.02,9.0,47.35,398.73,16,17,1
2023.0,FC Tulsa,39.0,-0.5097438768,10.0,-10,-0.9156075284,-0.7126757026,-2.823031247,-1.512434754,-0.3833000641,-1.185995299,-0.45,0.2923777793,1.26,1.62,1.29,10.0,51.06,441.21,21,20,-1
2023.0,El Paso Locomotive,47.0,0.1113594316,7.0,-7,-0.08144974946,0.01495484105,-4.231298518,-2.693644348,-0.02974256131,-3.129790749,-0.25,0.2652080225,1.17,1.49,1.12,11.2,50.52,422.31,13,13,0
2025.0,Las Vegas Lights,27.0,-1.441398839,12.0,-12,-1.471712714,-1.456555777,-8.615839892,-5.985084794,-0.6712412934,-4.266763079,-0.81,0.2245160584,0.77,1.67,0.82,8.77,47.75,365.23,24,24,0
2024.0,Miami,11.0,-2.683605456,12.0,-12,-1.471712714,-2.077659085,-15.31035222,-6.88038059,-6.753244933,-5.442337528,-1.42,0.2533337045,0.79,2.67,0.91,8.64,44.7,359.21,24,24,0
